"token","lemma","beginIndex","endIndex","previousWord","nextWord"
"http://llod.jerteh.rs/ELTEC/srp/NIF2/SRP18520.txt#offset_97800_97809","маџарски","97800","97809","http://llod.jerteh.rs/ELTEC/srp/NIF2/SRP18520.txt#offset_97798_97799","http://llod.jerteh.rs/ELTEC/srp/NIF2/SRP18520.txt#offset_97810_97816"
"http://llod.jerteh.rs/ELTEC/srp/NIF2/SRP18520.txt#offset_97826_97828","се","97826","97828","http://llod.jerteh.rs/ELTEC/srp/NIF2/SRP18520.txt#offset_97821_97825","http://llod.jerteh.rs/ELTEC/srp/NIF2/SRP18520.txt#offset_97829_97833"
"http://llod.jerteh.rs/ELTEC/srp/NIF2/SRP18520.txt#offset_97829_97833","овај","97829","97833","http://llod.jerteh.rs/ELTEC/srp/NIF2/SRP18520.txt#offset_97826_97828","http://llod.jerteh.rs/ELTEC/srp/NIF2/SRP18520.txt#offset_97834_97837"
"http://llod.jerteh.rs/ELTEC/srp/NIF2/SRP18520.txt#offset_97834_97837","рат","97834","97837","http://llod.jerteh.rs/ELTEC/srp/NIF2/SRP18520.txt#offset_97829_97833","http://llod.jerteh.rs/ELTEC/srp/NIF2/SRP18520.txt#offset_97838_97844"
"http://llod.jerteh.rs/ELTEC/srp/NIF2/SRP18520.txt#offset_97838_97844","започети","97838","97844","http://llod.jerteh.rs/ELTEC/srp/NIF2/SRP18520.txt#offset_97834_97837","http://llod.jerteh.rs/ELTEC/srp/NIF2/SRP18520.txt#offset_97844_97845"
"http://llod.jerteh.rs/ELTEC/srp/NIF2/SRP18520.txt#offset_97846_97851","одмах","97846","97851","http://llod.jerteh.rs/ELTEC/srp/NIF2/SRP18520.txt#offset_97844_97845","http://llod.jerteh.rs/ELTEC/srp/NIF2/SRP18520.txt#offset_97852_97853"
"http://llod.jerteh.rs/ELTEC/srp/NIF2/SRP18520.txt#offset_97852_97853","у","97852","97853","http://llod.jerteh.rs/ELTEC/srp/NIF2/SRP18520.txt#offset_97846_97851","http://llod.jerteh.rs/ELTEC/srp/NIF2/SRP18520.txt#offset_97854_97859"
"http://llod.jerteh.rs/ELTEC/srp/NIF2/SRP18520.txt#offset_97854_97859","цео","97854","97859","http://llod.jerteh.rs/ELTEC/srp/NIF2/SRP18520.txt#offset_97852_97853","http://llod.jerteh.rs/ELTEC/srp/NIF2/SRP18520.txt#offset_97860_97867"
"http://llod.jerteh.rs/ELTEC/srp/NIF2/SRP18520.txt#offset_97860_97867","српство","97860","97867","http://llod.jerteh.rs/ELTEC/srp/NIF2/SRP18520.txt#offset_97854_97859","http://llod.jerteh.rs/ELTEC/srp/NIF2/SRP18520.txt#offset_97868_97874"
"http://llod.jerteh.rs/ELTEC/srp/NIF2/SRP18520.txt#offset_97868_97874","закуцати","97868","97874","http://llod.jerteh.rs/ELTEC/srp/NIF2/SRP18520.txt#offset_97860_97867","http://llod.jerteh.rs/ELTEC/srp/NIF2/SRP18520.txt#offset_97875_97880"
"http://llod.jerteh.rs/ELTEC/srp/NIF2/SRP18520.txt#offset_97875_97880","једити","97875","97880","http://llod.jerteh.rs/ELTEC/srp/NIF2/SRP18520.txt#offset_97868_97874","http://llod.jerteh.rs/ELTEC/srp/NIF2/SRP18520.txt#offset_97881_97885"
"http://llod.jerteh.rs/ELTEC/srp/NIF2/SRP18520.txt#offset_97881_97885","срце","97881","97885","http://llod.jerteh.rs/ELTEC/srp/NIF2/SRP18520.txt#offset_97875_97880","http://llod.jerteh.rs/ELTEC/srp/NIF2/SRP18520.txt#offset_97885_97886"
"http://llod.jerteh.rs/ELTEC/srp/NIF2/SRP18520.txt#offset_97887_97889","од","97887","97889","http://llod.jerteh.rs/ELTEC/srp/NIF2/SRP18520.txt#offset_97885_97886","http://llod.jerteh.rs/ELTEC/srp/NIF2/SRP18520.txt#offset_97890_97893"
"http://llod.jerteh.rs/ELTEC/srp/NIF2/SRP18520.txt#offset_97890_97893","тај","97890","97893","http://llod.jerteh.rs/ELTEC/srp/NIF2/SRP18520.txt#offset_97887_97889","http://llod.jerteh.rs/ELTEC/srp/NIF2/SRP18520.txt#offset_97894_97898"
"http://llod.jerteh.rs/ELTEC/srp/NIF2/SRP18520.txt#offset_97894_97898","дан","97894","97898","http://llod.jerteh.rs/ELTEC/srp/NIF2/SRP18520.txt#offset_97890_97893","http://llod.jerteh.rs/ELTEC/srp/NIF2/SRP18520.txt#offset_97899_97902"
"http://llod.jerteh.rs/ELTEC/srp/NIF2/SRP18520.txt#offset_97899_97902","сав","97899","97902","http://llod.jerteh.rs/ELTEC/srp/NIF2/SRP18520.txt#offset_97894_97898","http://llod.jerteh.rs/ELTEC/srp/NIF2/SRP18520.txt#offset_97903_97907"
"http://llod.jerteh.rs/ELTEC/srp/NIF2/SRP18520.txt#offset_97903_97907","Срба","97903","97907","http://llod.jerteh.rs/ELTEC/srp/NIF2/SRP18520.txt#offset_97899_97902","http://llod.jerteh.rs/ELTEC/srp/NIF2/SRP18520.txt#offset_97908_97915"
"http://llod.jerteh.rs/ELTEC/srp/NIF2/SRP18520.txt#offset_984_985","и","984","985","http://llod.jerteh.rs/ELTEC/srp/NIF2/SRP18520.txt#offset_978_983","http://llod.jerteh.rs/ELTEC/srp/NIF2/SRP18520.txt#offset_986_992"
"http://llod.jerteh.rs/ELTEC/srp/NIF2/SRP18520.txt#offset_97908_97915","имати","97908","97915","http://llod.jerteh.rs/ELTEC/srp/NIF2/SRP18520.txt#offset_97903_97907","http://llod.jerteh.rs/ELTEC/srp/NIF2/SRP18520.txt#offset_97916_97921"
"http://llod.jerteh.rs/ELTEC/srp/NIF2/SRP18520.txt#offset_97916_97921","један","97916","97921","http://llod.jerteh.rs/ELTEC/srp/NIF2/SRP18520.txt#offset_97908_97915","http://llod.jerteh.rs/ELTEC/srp/NIF2/SRP18520.txt#offset_97922_97928"
"http://llod.jerteh.rs/ELTEC/srp/NIF2/SRP18520.txt#offset_97922_97928","намера","97922","97928","http://llod.jerteh.rs/ELTEC/srp/NIF2/SRP18520.txt#offset_97916_97921","http://llod.jerteh.rs/ELTEC/srp/NIF2/SRP18520.txt#offset_97928_97929"
"http://llod.jerteh.rs/ELTEC/srp/NIF2/SRP18520.txt#offset_97930_97935","један","97930","97935","http://llod.jerteh.rs/ELTEC/srp/NIF2/SRP18520.txt#offset_97928_97929","http://llod.jerteh.rs/ELTEC/srp/NIF2/SRP18520.txt#offset_97936_97940"
"http://llod.jerteh.rs/ELTEC/srp/NIF2/SRP18520.txt#offset_97953_97958","моћи","97953","97958","http://llod.jerteh.rs/ELTEC/srp/NIF2/SRP18520.txt#offset_97950_97952","http://llod.jerteh.rs/ELTEC/srp/NIF2/SRP18520.txt#offset_97959_97963"
"http://llod.jerteh.rs/ELTEC/srp/NIF2/SRP18520.txt#offset_97959_97963","бити","97959","97963","http://llod.jerteh.rs/ELTEC/srp/NIF2/SRP18520.txt#offset_97953_97958","http://llod.jerteh.rs/ELTEC/srp/NIF2/SRP18520.txt#offset_97964_97972"
"http://llod.jerteh.rs/ELTEC/srp/NIF2/SRP18520.txt#offset_97964_97972","скупљати","97964","97972","http://llod.jerteh.rs/ELTEC/srp/NIF2/SRP18520.txt#offset_97959_97963","http://llod.jerteh.rs/ELTEC/srp/NIF2/SRP18520.txt#offset_97973_97975"
"http://llod.jerteh.rs/ELTEC/srp/NIF2/SRP18520.txt#offset_9797_9800","кад","9797","9800","http://llod.jerteh.rs/ELTEC/srp/NIF2/SRP18520.txt#offset_9795_9796","http://llod.jerteh.rs/ELTEC/srp/NIF2/SRP18520.txt#offset_9801_9803"
"http://llod.jerteh.rs/ELTEC/srp/NIF2/SRP18520.txt#offset_97973_97975","се","97973","97975","http://llod.jerteh.rs/ELTEC/srp/NIF2/SRP18520.txt#offset_97964_97972","http://llod.jerteh.rs/ELTEC/srp/NIF2/SRP18520.txt#offset_97976_97982"
"http://llod.jerteh.rs/ELTEC/srp/NIF2/SRP18520.txt#offset_97976_97982","уједно","97976","97982","http://llod.jerteh.rs/ELTEC/srp/NIF2/SRP18520.txt#offset_97973_97975","http://llod.jerteh.rs/ELTEC/srp/NIF2/SRP18520.txt#offset_97982_97983"
"http://llod.jerteh.rs/ELTEC/srp/NIF2/SRP18520.txt#offset_9801_9803","ти","9801","9803","http://llod.jerteh.rs/ELTEC/srp/NIF2/SRP18520.txt#offset_9797_9800","http://llod.jerteh.rs/ELTEC/srp/NIF2/SRP18520.txt#offset_9804_9809"
"http://llod.jerteh.rs/ELTEC/srp/NIF2/SRP18520.txt#offset_97984_97985","и","97984","97985","http://llod.jerteh.rs/ELTEC/srp/NIF2/SRP18520.txt#offset_97982_97983","http://llod.jerteh.rs/ELTEC/srp/NIF2/SRP18520.txt#offset_97986_97992"
"http://llod.jerteh.rs/ELTEC/srp/NIF2/SRP18520.txt#offset_97986_97992","дизати","97986","97992","http://llod.jerteh.rs/ELTEC/srp/NIF2/SRP18520.txt#offset_97984_97985","http://llod.jerteh.rs/ELTEC/srp/NIF2/SRP18520.txt#offset_97993_97999"
"http://llod.jerteh.rs/ELTEC/srp/NIF2/SRP18520.txt#offset_97993_97999","оружје","97993","97999","http://llod.jerteh.rs/ELTEC/srp/NIF2/SRP18520.txt#offset_97986_97992","http://llod.jerteh.rs/ELTEC/srp/NIF2/SRP18520.txt#offset_98000_98002"
"http://llod.jerteh.rs/ELTEC/srp/NIF2/SRP18520.txt#offset_98000_98002","на","98000","98002","http://llod.jerteh.rs/ELTEC/srp/NIF2/SRP18520.txt#offset_97993_97999","http://llod.jerteh.rs/ELTEC/srp/NIF2/SRP18520.txt#offset_98003_98009"
"http://llod.jerteh.rs/ELTEC/srp/NIF2/SRP18520.txt#offset_98003_98009","обрана","98003","98009","http://llod.jerteh.rs/ELTEC/srp/NIF2/SRP18520.txt#offset_98000_98002","http://llod.jerteh.rs/ELTEC/srp/NIF2/SRP18520.txt#offset_98010_98015"
"http://llod.jerteh.rs/ELTEC/srp/NIF2/SRP18520.txt#offset_98010_98015","свој","98010","98015","http://llod.jerteh.rs/ELTEC/srp/NIF2/SRP18520.txt#offset_98003_98009","http://llod.jerteh.rs/ELTEC/srp/NIF2/SRP18520.txt#offset_98016_98026"
"http://llod.jerteh.rs/ELTEC/srp/NIF2/SRP18520.txt#offset_9804_9809","велим","9804","9809","http://llod.jerteh.rs/ELTEC/srp/NIF2/SRP18520.txt#offset_9801_9803","http://llod.jerteh.rs/ELTEC/srp/NIF2/SRP18520.txt#offset_9810_9811"
"http://llod.jerteh.rs/ELTEC/srp/NIF2/SRP18520.txt#offset_98038_98041","овај","98038","98041","http://llod.jerteh.rs/ELTEC/srp/NIF2/SRP18520.txt#offset_98031_98037","http://llod.jerteh.rs/ELTEC/srp/NIF2/SRP18520.txt#offset_98042_98044"
"http://llod.jerteh.rs/ELTEC/srp/NIF2/SRP18520.txt#offset_98042_98044","не","98042","98044","http://llod.jerteh.rs/ELTEC/srp/NIF2/SRP18520.txt#offset_98038_98041","http://llod.jerteh.rs/ELTEC/srp/NIF2/SRP18520.txt#offset_98045_98051"
"http://llod.jerteh.rs/ELTEC/srp/NIF2/SRP18520.txt#offset_98045_98051","моћи","98045","98051","http://llod.jerteh.rs/ELTEC/srp/NIF2/SRP18520.txt#offset_98042_98044","http://llod.jerteh.rs/ELTEC/srp/NIF2/SRP18520.txt#offset_98052_98056"
"http://llod.jerteh.rs/ELTEC/srp/NIF2/SRP18520.txt#offset_98052_98056","бити","98052","98056","http://llod.jerteh.rs/ELTEC/srp/NIF2/SRP18520.txt#offset_98045_98051","http://llod.jerteh.rs/ELTEC/srp/NIF2/SRP18520.txt#offset_98056_98057"
"http://llod.jerteh.rs/ELTEC/srp/NIF2/SRP18520.txt#offset_98058_98061","они","98058","98061","http://llod.jerteh.rs/ELTEC/srp/NIF2/SRP18520.txt#offset_98056_98057","http://llod.jerteh.rs/ELTEC/srp/NIF2/SRP18520.txt#offset_98062_98064"
"http://llod.jerteh.rs/ELTEC/srp/NIF2/SRP18520.txt#offset_98062_98064","се","98062","98064","http://llod.jerteh.rs/ELTEC/srp/NIF2/SRP18520.txt#offset_98058_98061","http://llod.jerteh.rs/ELTEC/srp/NIF2/SRP18520.txt#offset_98065_98071"
"http://llod.jerteh.rs/ELTEC/srp/NIF2/SRP18520.txt#offset_98065_98071","молити","98065","98071","http://llod.jerteh.rs/ELTEC/srp/NIF2/SRP18520.txt#offset_98062_98064","http://llod.jerteh.rs/ELTEC/srp/NIF2/SRP18520.txt#offset_98072_98076"
"http://llod.jerteh.rs/ELTEC/srp/NIF2/SRP18520.txt#offset_98072_98076","бог","98072","98076","http://llod.jerteh.rs/ELTEC/srp/NIF2/SRP18520.txt#offset_98065_98071","http://llod.jerteh.rs/ELTEC/srp/NIF2/SRP18520.txt#offset_98077_98079"
"http://llod.jerteh.rs/ELTEC/srp/NIF2/SRP18520.txt#offset_98077_98079","за","98077","98079","http://llod.jerteh.rs/ELTEC/srp/NIF2/SRP18520.txt#offset_98072_98076","http://llod.jerteh.rs/ELTEC/srp/NIF2/SRP18520.txt#offset_98080_98085"
"http://llod.jerteh.rs/ELTEC/srp/NIF2/SRP18520.txt#offset_98080_98085","свој","98080","98085","http://llod.jerteh.rs/ELTEC/srp/NIF2/SRP18520.txt#offset_98077_98079","http://llod.jerteh.rs/ELTEC/srp/NIF2/SRP18520.txt#offset_98086_98091"
"http://llod.jerteh.rs/ELTEC/srp/NIF2/SRP18520.txt#offset_98086_98091","браћа","98086","98091","http://llod.jerteh.rs/ELTEC/srp/NIF2/SRP18520.txt#offset_98080_98085","http://llod.jerteh.rs/ELTEC/srp/NIF2/SRP18520.txt#offset_98092_98093"
"http://llod.jerteh.rs/ELTEC/srp/NIF2/SRP18520.txt#offset_98092_98093","у","98092","98093","http://llod.jerteh.rs/ELTEC/srp/NIF2/SRP18520.txt#offset_98086_98091","http://llod.jerteh.rs/ELTEC/srp/NIF2/SRP18520.txt#offset_98094_98098"
"http://llod.jerteh.rs/ELTEC/srp/NIF2/SRP18520.txt#offset_98094_98098","бој","98094","98098","http://llod.jerteh.rs/ELTEC/srp/NIF2/SRP18520.txt#offset_98092_98093","http://llod.jerteh.rs/ELTEC/srp/NIF2/SRP18520.txt#offset_98098_98099"
"http://llod.jerteh.rs/ELTEC/srp/NIF2/SRP18520.txt#offset_98100_98101","и","98100","98101","http://llod.jerteh.rs/ELTEC/srp/NIF2/SRP18520.txt#offset_98098_98099","http://llod.jerteh.rs/ELTEC/srp/NIF2/SRP18520.txt#offset_98102_98108"
"http://llod.jerteh.rs/ELTEC/srp/NIF2/SRP18520.txt#offset_98102_98108","желити","98102","98108","http://llod.jerteh.rs/ELTEC/srp/NIF2/SRP18520.txt#offset_98100_98101","http://llod.jerteh.rs/ELTEC/srp/NIF2/SRP18520.txt#offset_98109_98111"
"http://llod.jerteh.rs/ELTEC/srp/NIF2/SRP18520.txt#offset_98109_98111","да","98109","98111","http://llod.jerteh.rs/ELTEC/srp/NIF2/SRP18520.txt#offset_98102_98108","http://llod.jerteh.rs/ELTEC/srp/NIF2/SRP18520.txt#offset_98112_98116"
"http://llod.jerteh.rs/ELTEC/srp/NIF2/SRP18520.txt#offset_98112_98116","доћи","98112","98116","http://llod.jerteh.rs/ELTEC/srp/NIF2/SRP18520.txt#offset_98109_98111","http://llod.jerteh.rs/ELTEC/srp/NIF2/SRP18520.txt#offset_98117_98122"
"http://llod.jerteh.rs/ELTEC/srp/NIF2/SRP18520.txt#offset_9812_9816","рећи","9812","9816","http://llod.jerteh.rs/ELTEC/srp/NIF2/SRP18520.txt#offset_9810_9811","http://llod.jerteh.rs/ELTEC/srp/NIF2/SRP18520.txt#offset_9817_9819"
"http://llod.jerteh.rs/ELTEC/srp/NIF2/SRP18520.txt#offset_98117_98122","згода","98117","98122","http://llod.jerteh.rs/ELTEC/srp/NIF2/SRP18520.txt#offset_98112_98116","http://llod.jerteh.rs/ELTEC/srp/NIF2/SRP18520.txt#offset_98123_98124"
"http://llod.jerteh.rs/ELTEC/srp/NIF2/SRP18520.txt#offset_98123_98124","и","98123","98124","http://llod.jerteh.rs/ELTEC/srp/NIF2/SRP18520.txt#offset_98117_98122","http://llod.jerteh.rs/ELTEC/srp/NIF2/SRP18520.txt#offset_98125_98129"
"http://llod.jerteh.rs/ELTEC/srp/NIF2/SRP18520.txt#offset_98125_98129","она","98125","98129","http://llod.jerteh.rs/ELTEC/srp/NIF2/SRP18520.txt#offset_98123_98124","http://llod.jerteh.rs/ELTEC/srp/NIF2/SRP18520.txt#offset_98130_98138"
"http://llod.jerteh.rs/ELTEC/srp/NIF2/SRP18520.txt#offset_98130_98138","показати","98130","98138","http://llod.jerteh.rs/ELTEC/srp/NIF2/SRP18520.txt#offset_98125_98129","http://llod.jerteh.rs/ELTEC/srp/NIF2/SRP18520.txt#offset_98139_98141"
"http://llod.jerteh.rs/ELTEC/srp/NIF2/SRP18520.txt#offset_9817_9819","он","9817","9819","http://llod.jerteh.rs/ELTEC/srp/NIF2/SRP18520.txt#offset_9812_9816","http://llod.jerteh.rs/ELTEC/srp/NIF2/SRP18520.txt#offset_9820_9824"
"http://llod.jerteh.rs/ELTEC/srp/NIF2/SRP18520.txt#offset_98139_98141","се","98139","98141","http://llod.jerteh.rs/ELTEC/srp/NIF2/SRP18520.txt#offset_98130_98138","http://llod.jerteh.rs/ELTEC/srp/NIF2/SRP18520.txt#offset_98141_98142"
"http://llod.jerteh.rs/ELTEC/srp/NIF2/SRP18520.txt#offset_98143_98144","и","98143","98144","http://llod.jerteh.rs/ELTEC/srp/NIF2/SRP18520.txt#offset_98141_98142","http://llod.jerteh.rs/ELTEC/srp/NIF2/SRP18520.txt#offset_98145_98146"
"http://llod.jerteh.rs/ELTEC/srp/NIF2/SRP18520.txt#offset_98147_98153","умрети","98147","98153","http://llod.jerteh.rs/ELTEC/srp/NIF2/SRP18520.txt#offset_98145_98146","http://llod.jerteh.rs/ELTEC/srp/NIF2/SRP18520.txt#offset_98154_98156"
"http://llod.jerteh.rs/ELTEC/srp/NIF2/SRP18520.txt#offset_98154_98156","за","98154","98156","http://llod.jerteh.rs/ELTEC/srp/NIF2/SRP18520.txt#offset_98147_98153","http://llod.jerteh.rs/ELTEC/srp/NIF2/SRP18520.txt#offset_98157_98162"
"http://llod.jerteh.rs/ELTEC/srp/NIF2/SRP18520.txt#offset_98165_98171","Младен","98165","98171",,"http://llod.jerteh.rs/ELTEC/srp/NIF2/SRP18520.txt#offset_98172_98174"
"http://llod.jerteh.rs/ELTEC/srp/NIF2/SRP18520.txt#offset_98172_98174","јесам","98172","98174","http://llod.jerteh.rs/ELTEC/srp/NIF2/SRP18520.txt#offset_98165_98171","http://llod.jerteh.rs/ELTEC/srp/NIF2/SRP18520.txt#offset_98175_98178"
"http://llod.jerteh.rs/ELTEC/srp/NIF2/SRP18520.txt#offset_98175_98178","бити","98175","98178","http://llod.jerteh.rs/ELTEC/srp/NIF2/SRP18520.txt#offset_98172_98174","http://llod.jerteh.rs/ELTEC/srp/NIF2/SRP18520.txt#offset_98179_98183"
"http://llod.jerteh.rs/ELTEC/srp/NIF2/SRP18520.txt#offset_98179_98183","међу","98179","98183","http://llod.jerteh.rs/ELTEC/srp/NIF2/SRP18520.txt#offset_98175_98178","http://llod.jerteh.rs/ELTEC/srp/NIF2/SRP18520.txt#offset_98184_98190"
"http://llod.jerteh.rs/ELTEC/srp/NIF2/SRP18520.txt#offset_9820_9824","овај","9820","9824","http://llod.jerteh.rs/ELTEC/srp/NIF2/SRP18520.txt#offset_9817_9819","http://llod.jerteh.rs/ELTEC/srp/NIF2/SRP18520.txt#offset_9825_9837"
"http://llod.jerteh.rs/ELTEC/srp/NIF2/SRP18520.txt#offset_98199_98204","одмах","98199","98204","http://llod.jerteh.rs/ELTEC/srp/NIF2/SRP18520.txt#offset_98196_98198","http://llod.jerteh.rs/ELTEC/srp/NIF2/SRP18520.txt#offset_98205_98211"
"http://llod.jerteh.rs/ELTEC/srp/NIF2/SRP18520.txt#offset_98205_98211","заићи","98205","98211","http://llod.jerteh.rs/ELTEC/srp/NIF2/SRP18520.txt#offset_98199_98204","http://llod.jerteh.rs/ELTEC/srp/NIF2/SRP18520.txt#offset_98212_98214"
"http://llod.jerteh.rs/ELTEC/srp/NIF2/SRP18520.txt#offset_98212_98214","по","98212","98214","http://llod.jerteh.rs/ELTEC/srp/NIF2/SRP18520.txt#offset_98205_98211","http://llod.jerteh.rs/ELTEC/srp/NIF2/SRP18520.txt#offset_98215_98221"
"http://llod.jerteh.rs/ELTEC/srp/NIF2/SRP18520.txt#offset_9825_9837","наговарати","9825","9837","http://llod.jerteh.rs/ELTEC/srp/NIF2/SRP18520.txt#offset_9820_9824","http://llod.jerteh.rs/ELTEC/srp/NIF2/SRP18520.txt#offset_9838_9840"
"http://llod.jerteh.rs/ELTEC/srp/NIF2/SRP18520.txt#offset_98215_98221","народ","98215","98221","http://llod.jerteh.rs/ELTEC/srp/NIF2/SRP18520.txt#offset_98212_98214","http://llod.jerteh.rs/ELTEC/srp/NIF2/SRP18520.txt#offset_98222_98223"
"http://llod.jerteh.rs/ELTEC/srp/NIF2/SRP18520.txt#offset_98222_98223","и","98222","98223","http://llod.jerteh.rs/ELTEC/srp/NIF2/SRP18520.txt#offset_98215_98221","http://llod.jerteh.rs/ELTEC/srp/NIF2/SRP18520.txt#offset_98224_98231"
"http://llod.jerteh.rs/ELTEC/srp/NIF2/SRP18520.txt#offset_98224_98231","позивати","98224","98231","http://llod.jerteh.rs/ELTEC/srp/NIF2/SRP18520.txt#offset_98222_98223","http://llod.jerteh.rs/ELTEC/srp/NIF2/SRP18520.txt#offset_98232_98236"
"http://llod.jerteh.rs/ELTEC/srp/NIF2/SRP18520.txt#offset_98232_98236","људи","98232","98236","http://llod.jerteh.rs/ELTEC/srp/NIF2/SRP18520.txt#offset_98224_98231","http://llod.jerteh.rs/ELTEC/srp/NIF2/SRP18520.txt#offset_98237_98239"
"http://llod.jerteh.rs/ELTEC/srp/NIF2/SRP18520.txt#offset_98237_98239","да","98237","98239","http://llod.jerteh.rs/ELTEC/srp/NIF2/SRP18520.txt#offset_98232_98236","http://llod.jerteh.rs/ELTEC/srp/NIF2/SRP18520.txt#offset_98240_98246"
"http://llod.jerteh.rs/ELTEC/srp/NIF2/SRP18520.txt#offset_98240_98246","оставити","98240","98246","http://llod.jerteh.rs/ELTEC/srp/NIF2/SRP18520.txt#offset_98237_98239","http://llod.jerteh.rs/ELTEC/srp/NIF2/SRP18520.txt#offset_98247_98252"
"http://llod.jerteh.rs/ELTEC/srp/NIF2/SRP18520.txt#offset_98247_98252","свој","98247","98252","http://llod.jerteh.rs/ELTEC/srp/NIF2/SRP18520.txt#offset_98240_98246","http://llod.jerteh.rs/ELTEC/srp/NIF2/SRP18520.txt#offset_98253_98260"
"http://llod.jerteh.rs/ELTEC/srp/NIF2/SRP18520.txt#offset_98253_98260","посао","98253","98260","http://llod.jerteh.rs/ELTEC/srp/NIF2/SRP18520.txt#offset_98247_98252","http://llod.jerteh.rs/ELTEC/srp/NIF2/SRP18520.txt#offset_98261_98262"
"http://llod.jerteh.rs/ELTEC/srp/NIF2/SRP18520.txt#offset_98261_98262","и","98261","98262","http://llod.jerteh.rs/ELTEC/srp/NIF2/SRP18520.txt#offset_98253_98260","http://llod.jerteh.rs/ELTEC/srp/NIF2/SRP18520.txt#offset_98263_98268"
"http://llod.jerteh.rs/ELTEC/srp/NIF2/SRP18520.txt#offset_9838_9840","он","9838","9840","http://llod.jerteh.rs/ELTEC/srp/NIF2/SRP18520.txt#offset_9825_9837","http://llod.jerteh.rs/ELTEC/srp/NIF2/SRP18520.txt#offset_9841_9842"
"http://llod.jerteh.rs/ELTEC/srp/NIF2/SRP18520.txt#offset_98263_98268","свој","98263","98268","http://llod.jerteh.rs/ELTEC/srp/NIF2/SRP18520.txt#offset_98261_98262","http://llod.jerteh.rs/ELTEC/srp/NIF2/SRP18520.txt#offset_98269_98273"
"http://llod.jerteh.rs/ELTEC/srp/NIF2/SRP18520.txt#offset_98269_98273","кућа","98269","98273","http://llod.jerteh.rs/ELTEC/srp/NIF2/SRP18520.txt#offset_98263_98268","http://llod.jerteh.rs/ELTEC/srp/NIF2/SRP18520.txt#offset_98274_98276"
"http://llod.jerteh.rs/ELTEC/srp/NIF2/SRP18520.txt#offset_98274_98276","па","98274","98276","http://llod.jerteh.rs/ELTEC/srp/NIF2/SRP18520.txt#offset_98269_98273","http://llod.jerteh.rs/ELTEC/srp/NIF2/SRP18520.txt#offset_98277_98279"
"http://llod.jerteh.rs/ELTEC/srp/NIF2/SRP18520.txt#offset_98277_98279","да","98277","98279","http://llod.jerteh.rs/ELTEC/srp/NIF2/SRP18520.txt#offset_98274_98276","http://llod.jerteh.rs/ELTEC/srp/NIF2/SRP18520.txt#offset_98280_98282"
"http://llod.jerteh.rs/ELTEC/srp/NIF2/SRP18520.txt#offset_98280_98282","се","98280","98282","http://llod.jerteh.rs/ELTEC/srp/NIF2/SRP18520.txt#offset_98277_98279","http://llod.jerteh.rs/ELTEC/srp/NIF2/SRP18520.txt#offset_98283_98287"
"http://llod.jerteh.rs/ELTEC/srp/NIF2/SRP18520.txt#offset_98283_98287","латити","98283","98287","http://llod.jerteh.rs/ELTEC/srp/NIF2/SRP18520.txt#offset_98280_98282","http://llod.jerteh.rs/ELTEC/srp/NIF2/SRP18520.txt#offset_98288_98294"
"http://llod.jerteh.rs/ELTEC/srp/NIF2/SRP18520.txt#offset_98308_98312","он","98308","98312","http://llod.jerteh.rs/ELTEC/srp/NIF2/SRP18520.txt#offset_98299_98307","http://llod.jerteh.rs/ELTEC/srp/NIF2/SRP18520.txt#offset_98313_98318"
"http://llod.jerteh.rs/ELTEC/srp/NIF2/SRP18520.txt#offset_98313_98318","одмах","98313","98318","http://llod.jerteh.rs/ELTEC/srp/NIF2/SRP18520.txt#offset_98308_98312","http://llod.jerteh.rs/ELTEC/srp/NIF2/SRP18520.txt#offset_98319_98328"
"http://llod.jerteh.rs/ELTEC/srp/NIF2/SRP18520.txt#offset_98319_98328","послушати","98319","98328","http://llod.jerteh.rs/ELTEC/srp/NIF2/SRP18520.txt#offset_98313_98318","http://llod.jerteh.rs/ELTEC/srp/NIF2/SRP18520.txt#offset_98329_98331"
"http://llod.jerteh.rs/ELTEC/srp/NIF2/SRP18520.txt#offset_98329_98331","па","98329","98331","http://llod.jerteh.rs/ELTEC/srp/NIF2/SRP18520.txt#offset_98319_98328","http://llod.jerteh.rs/ELTEC/srp/NIF2/SRP18520.txt#offset_98332_98334"
"http://llod.jerteh.rs/ELTEC/srp/NIF2/SRP18520.txt#offset_98332_98334","се","98332","98334","http://llod.jerteh.rs/ELTEC/srp/NIF2/SRP18520.txt#offset_98329_98331","http://llod.jerteh.rs/ELTEC/srp/NIF2/SRP18520.txt#offset_98335_98341"
"http://llod.jerteh.rs/ELTEC/srp/NIF2/SRP18520.txt#offset_98335_98341","купити","98335","98341","http://llod.jerteh.rs/ELTEC/srp/NIF2/SRP18520.txt#offset_98332_98334","http://llod.jerteh.rs/ELTEC/srp/NIF2/SRP18520.txt#offset_98342_98350"
"http://llod.jerteh.rs/ELTEC/srp/NIF2/SRP18520.txt#offset_98342_98350","гомила","98342","98350","http://llod.jerteh.rs/ELTEC/srp/NIF2/SRP18520.txt#offset_98335_98341","http://llod.jerteh.rs/ELTEC/srp/NIF2/SRP18520.txt#offset_98351_98354"
"http://llod.jerteh.rs/ELTEC/srp/NIF2/SRP18520.txt#offset_98351_98354","око","98351","98354","http://llod.jerteh.rs/ELTEC/srp/NIF2/SRP18520.txt#offset_98342_98350","http://llod.jerteh.rs/ELTEC/srp/NIF2/SRP18520.txt#offset_98355_98359"
"http://llod.jerteh.rs/ELTEC/srp/NIF2/SRP18520.txt#offset_98355_98359","он","98355","98359","http://llod.jerteh.rs/ELTEC/srp/NIF2/SRP18520.txt#offset_98351_98354","http://llod.jerteh.rs/ELTEC/srp/NIF2/SRP18520.txt#offset_98359_98360"
"http://llod.jerteh.rs/ELTEC/srp/NIF2/SRP18520.txt#offset_98361_98369","оставити","98361","98369","http://llod.jerteh.rs/ELTEC/srp/NIF2/SRP18520.txt#offset_98359_98360","http://llod.jerteh.rs/ELTEC/srp/NIF2/SRP18520.txt#offset_98370_98375"
"http://llod.jerteh.rs/ELTEC/srp/NIF2/SRP18520.txt#offset_98370_98375","свој","98370","98375","http://llod.jerteh.rs/ELTEC/srp/NIF2/SRP18520.txt#offset_98361_98369","http://llod.jerteh.rs/ELTEC/srp/NIF2/SRP18520.txt#offset_98376_98380"
"http://llod.jerteh.rs/ELTEC/srp/NIF2/SRP18520.txt#offset_98376_98380","жена","98376","98380","http://llod.jerteh.rs/ELTEC/srp/NIF2/SRP18520.txt#offset_98370_98375","http://llod.jerteh.rs/ELTEC/srp/NIF2/SRP18520.txt#offset_98380_98381"
"http://llod.jerteh.rs/ELTEC/srp/NIF2/SRP18520.txt#offset_98382_98387","свој","98382","98387","http://llod.jerteh.rs/ELTEC/srp/NIF2/SRP18520.txt#offset_98380_98381","http://llod.jerteh.rs/ELTEC/srp/NIF2/SRP18520.txt#offset_98388_98392"
"http://llod.jerteh.rs/ELTEC/srp/NIF2/SRP18520.txt#offset_98388_98392","деца","98388","98392","http://llod.jerteh.rs/ELTEC/srp/NIF2/SRP18520.txt#offset_98382_98387","http://llod.jerteh.rs/ELTEC/srp/NIF2/SRP18520.txt#offset_98393_98394"
"http://llod.jerteh.rs/ELTEC/srp/NIF2/SRP18520.txt#offset_98393_98394","и","98393","98394","http://llod.jerteh.rs/ELTEC/srp/NIF2/SRP18520.txt#offset_98388_98392","http://llod.jerteh.rs/ELTEC/srp/NIF2/SRP18520.txt#offset_98395_98398"
"http://llod.jerteh.rs/ELTEC/srp/NIF2/SRP18520.txt#offset_98395_98398","сав","98395","98398","http://llod.jerteh.rs/ELTEC/srp/NIF2/SRP18520.txt#offset_98393_98394","http://llod.jerteh.rs/ELTEC/srp/NIF2/SRP18520.txt#offset_98399_98404"
"http://llod.jerteh.rs/ELTEC/srp/NIF2/SRP18520.txt#offset_98399_98404","свој","98399","98404","http://llod.jerteh.rs/ELTEC/srp/NIF2/SRP18520.txt#offset_98395_98398","http://llod.jerteh.rs/ELTEC/srp/NIF2/SRP18520.txt#offset_98405_98409"
"http://llod.jerteh.rs/ELTEC/srp/NIF2/SRP18520.txt#offset_98405_98409","мило","98405","98409","http://llod.jerteh.rs/ELTEC/srp/NIF2/SRP18520.txt#offset_98399_98404","http://llod.jerteh.rs/ELTEC/srp/NIF2/SRP18520.txt#offset_98410_98411"
"http://llod.jerteh.rs/ELTEC/srp/NIF2/SRP18520.txt#offset_98410_98411","и","98410","98411","http://llod.jerteh.rs/ELTEC/srp/NIF2/SRP18520.txt#offset_98405_98409","http://llod.jerteh.rs/ELTEC/srp/NIF2/SRP18520.txt#offset_98412_98417"
"http://llod.jerteh.rs/ELTEC/srp/NIF2/SRP18520.txt#offset_98412_98417","драго","98412","98417","http://llod.jerteh.rs/ELTEC/srp/NIF2/SRP18520.txt#offset_98410_98411","http://llod.jerteh.rs/ELTEC/srp/NIF2/SRP18520.txt#offset_98418_98420"
"http://llod.jerteh.rs/ELTEC/srp/NIF2/SRP18520.txt#offset_98418_98420","па","98418","98420","http://llod.jerteh.rs/ELTEC/srp/NIF2/SRP18520.txt#offset_98412_98417","http://llod.jerteh.rs/ELTEC/srp/NIF2/SRP18520.txt#offset_98421_98427"
"http://llod.jerteh.rs/ELTEC/srp/NIF2/SRP18520.txt#offset_98421_98427","поћи","98421","98427","http://llod.jerteh.rs/ELTEC/srp/NIF2/SRP18520.txt#offset_98418_98420","http://llod.jerteh.rs/ELTEC/srp/NIF2/SRP18520.txt#offset_98428_98430"
"http://llod.jerteh.rs/ELTEC/srp/NIF2/SRP18520.txt#offset_9843_9846","пити","9843","9846","http://llod.jerteh.rs/ELTEC/srp/NIF2/SRP18520.txt#offset_9841_9842","http://llod.jerteh.rs/ELTEC/srp/NIF2/SRP18520.txt#offset_9846_9847"
"http://llod.jerteh.rs/ELTEC/srp/NIF2/SRP18520.txt#offset_98428_98430","за","98428","98430","http://llod.jerteh.rs/ELTEC/srp/NIF2/SRP18520.txt#offset_98421_98427","http://llod.jerteh.rs/ELTEC/srp/NIF2/SRP18520.txt#offset_98431_98434"
"http://llod.jerteh.rs/ELTEC/srp/NIF2/SRP18520.txt#offset_98431_98434","он","98431","98434","http://llod.jerteh.rs/ELTEC/srp/NIF2/SRP18520.txt#offset_98428_98430","http://llod.jerteh.rs/ELTEC/srp/NIF2/SRP18520.txt#offset_98435_98436"
"http://llod.jerteh.rs/ELTEC/srp/NIF2/SRP18520.txt#offset_98435_98436","у","98435","98436","http://llod.jerteh.rs/ELTEC/srp/NIF2/SRP18520.txt#offset_98431_98434","http://llod.jerteh.rs/ELTEC/srp/NIF2/SRP18520.txt#offset_98437_98443"
"http://llod.jerteh.rs/ELTEC/srp/NIF2/SRP18520.txt#offset_98437_98443","српски","98437","98443","http://llod.jerteh.rs/ELTEC/srp/NIF2/SRP18520.txt#offset_98435_98436","http://llod.jerteh.rs/ELTEC/srp/NIF2/SRP18520.txt#offset_98444_98447"
"http://llod.jerteh.rs/ELTEC/srp/NIF2/SRP18520.txt#offset_98444_98447","око","98444","98447","http://llod.jerteh.rs/ELTEC/srp/NIF2/SRP18520.txt#offset_98437_98443","http://llod.jerteh.rs/ELTEC/srp/NIF2/SRP18520.txt#offset_98447_98448"
"http://llod.jerteh.rs/ELTEC/srp/NIF2/SRP18520.txt#offset_98449_98453","који","98449","98453","http://llod.jerteh.rs/ELTEC/srp/NIF2/SRP18520.txt#offset_98447_98448","http://llod.jerteh.rs/ELTEC/srp/NIF2/SRP18520.txt#offset_98454_98456"
"http://llod.jerteh.rs/ELTEC/srp/NIF2/SRP18520.txt#offset_98454_98456","се","98454","98456","http://llod.jerteh.rs/ELTEC/srp/NIF2/SRP18520.txt#offset_98449_98453","http://llod.jerteh.rs/ELTEC/srp/NIF2/SRP18520.txt#offset_98457_98459"
"http://llod.jerteh.rs/ELTEC/srp/NIF2/SRP18520.txt#offset_98457_98459","на","98457","98459","http://llod.jerteh.rs/ELTEC/srp/NIF2/SRP18520.txt#offset_98454_98456","http://llod.jerteh.rs/ELTEC/srp/NIF2/SRP18520.txt#offset_98460_98465"
"http://llod.jerteh.rs/ELTEC/srp/NIF2/SRP18520.txt#offset_98460_98465","јарак","98460","98465","http://llod.jerteh.rs/ELTEC/srp/NIF2/SRP18520.txt#offset_98457_98459","http://llod.jerteh.rs/ELTEC/srp/NIF2/SRP18520.txt#offset_98466_98469"
"http://llod.jerteh.rs/ELTEC/srp/NIF2/SRP18520.txt#offset_98466_98469","бити","98466","98469","http://llod.jerteh.rs/ELTEC/srp/NIF2/SRP18520.txt#offset_98460_98465","http://llod.jerteh.rs/ELTEC/srp/NIF2/SRP18520.txt#offset_98470_98477"
"http://llod.jerteh.rs/ELTEC/srp/NIF2/SRP18520.txt#offset_9848_9851","кад","9848","9851","http://llod.jerteh.rs/ELTEC/srp/NIF2/SRP18520.txt#offset_9846_9847","http://llod.jerteh.rs/ELTEC/srp/NIF2/SRP18520.txt#offset_9852_9854"
"http://llod.jerteh.rs/ELTEC/srp/NIF2/SRP18520.txt#offset_98488_98490","јесам","98488","98490","http://llod.jerteh.rs/ELTEC/srp/NIF2/SRP18520.txt#offset_98483_98487","http://llod.jerteh.rs/ELTEC/srp/NIF2/SRP18520.txt#offset_98491_98496"
"http://llod.jerteh.rs/ELTEC/srp/NIF2/SRP18520.txt#offset_98491_98496","свет","98491","98496","http://llod.jerteh.rs/ELTEC/srp/NIF2/SRP18520.txt#offset_98488_98490","http://llod.jerteh.rs/ELTEC/srp/NIF2/SRP18520.txt#offset_98497_98498"
"http://llod.jerteh.rs/ELTEC/srp/NIF2/SRP18520.txt#offset_9852_9854","ти","9852","9854","http://llod.jerteh.rs/ELTEC/srp/NIF2/SRP18520.txt#offset_9848_9851","http://llod.jerteh.rs/ELTEC/srp/NIF2/SRP18520.txt#offset_9855_9860"
"http://llod.jerteh.rs/ELTEC/srp/NIF2/SRP18520.txt#offset_98497_98498","и","98497","98498","http://llod.jerteh.rs/ELTEC/srp/NIF2/SRP18520.txt#offset_98491_98496","http://llod.jerteh.rs/ELTEC/srp/NIF2/SRP18520.txt#offset_98499_98503"
"http://llod.jerteh.rs/ELTEC/srp/NIF2/SRP18520.txt#offset_98499_98503","век","98499","98503","http://llod.jerteh.rs/ELTEC/srp/NIF2/SRP18520.txt#offset_98497_98498","http://llod.jerteh.rs/ELTEC/srp/NIF2/SRP18520.txt#offset_98504_98508"
"http://llod.jerteh.rs/ELTEC/srp/NIF2/SRP18520.txt#offset_98504_98508","јесам","98504","98508","http://llod.jerteh.rs/ELTEC/srp/NIF2/SRP18520.txt#offset_98499_98503","http://llod.jerteh.rs/ELTEC/srp/NIF2/SRP18520.txt#offset_98509_98511"
"http://llod.jerteh.rs/ELTEC/srp/NIF2/SRP18520.txt#offset_98509_98511","ни","98509","98511","http://llod.jerteh.rs/ELTEC/srp/NIF2/SRP18520.txt#offset_98504_98508","http://llod.jerteh.rs/ELTEC/srp/NIF2/SRP18520.txt#offset_98512_98517"
"http://llod.jerteh.rs/ELTEC/srp/NIF2/SRP18520.txt#offset_98512_98517","један","98512","98517","http://llod.jerteh.rs/ELTEC/srp/NIF2/SRP18520.txt#offset_98509_98511","http://llod.jerteh.rs/ELTEC/srp/NIF2/SRP18520.txt#offset_98518_98524"
"http://llod.jerteh.rs/ELTEC/srp/NIF2/SRP18520.txt#offset_98518_98524","војска","98518","98524","http://llod.jerteh.rs/ELTEC/srp/NIF2/SRP18520.txt#offset_98512_98517","http://llod.jerteh.rs/ELTEC/srp/NIF2/SRP18520.txt#offset_98525_98529"
"http://llod.jerteh.rs/ELTEC/srp/NIF2/SRP18520.txt#offset_98525_98529","ићи","98525","98529","http://llod.jerteh.rs/ELTEC/srp/NIF2/SRP18520.txt#offset_98518_98524","http://llod.jerteh.rs/ELTEC/srp/NIF2/SRP18520.txt#offset_98530_98532"
"http://llod.jerteh.rs/ELTEC/srp/NIF2/SRP18520.txt#offset_98530_98532","на","98530","98532","http://llod.jerteh.rs/ELTEC/srp/NIF2/SRP18520.txt#offset_98525_98529","http://llod.jerteh.rs/ELTEC/srp/NIF2/SRP18520.txt#offset_98533_98536"
"http://llod.jerteh.rs/ELTEC/srp/NIF2/SRP18520.txt#offset_9855_9860","велим","9855","9860","http://llod.jerteh.rs/ELTEC/srp/NIF2/SRP18520.txt#offset_9852_9854","http://llod.jerteh.rs/ELTEC/srp/NIF2/SRP18520.txt#offset_9860_9861"
"http://llod.jerteh.rs/ELTEC/srp/NIF2/SRP18520.txt#offset_98533_98536","бојити","98533","98536","http://llod.jerteh.rs/ELTEC/srp/NIF2/SRP18520.txt#offset_98530_98532","http://llod.jerteh.rs/ELTEC/srp/NIF2/SRP18520.txt#offset_98537_98538"
"http://llod.jerteh.rs/ELTEC/srp/NIF2/SRP18520.txt#offset_98537_98538","с","98537","98538","http://llod.jerteh.rs/ELTEC/srp/NIF2/SRP18520.txt#offset_98533_98536","http://llod.jerteh.rs/ELTEC/srp/NIF2/SRP18520.txt#offset_98539_98544"
"http://llod.jerteh.rs/ELTEC/srp/NIF2/SRP18520.txt#offset_98539_98544","таки","98539","98544","http://llod.jerteh.rs/ELTEC/srp/NIF2/SRP18520.txt#offset_98537_98538","http://llod.jerteh.rs/ELTEC/srp/NIF2/SRP18520.txt#offset_98545_98552"
"http://llod.jerteh.rs/ELTEC/srp/NIF2/SRP18520.txt#offset_98545_98552","весеље","98545","98552","http://llod.jerteh.rs/ELTEC/srp/NIF2/SRP18520.txt#offset_98539_98544","http://llod.jerteh.rs/ELTEC/srp/NIF2/SRP18520.txt#offset_98553_98556"
"http://llod.jerteh.rs/ELTEC/srp/NIF2/SRP18520.txt#offset_98553_98556","као","98553","98556","http://llod.jerteh.rs/ELTEC/srp/NIF2/SRP18520.txt#offset_98545_98552","http://llod.jerteh.rs/ELTEC/srp/NIF2/SRP18520.txt#offset_98557_98560"
"http://llod.jerteh.rs/ELTEC/srp/NIF2/SRP18520.txt#offset_98557_98560","овај","98557","98560","http://llod.jerteh.rs/ELTEC/srp/NIF2/SRP18520.txt#offset_98553_98556","http://llod.jerteh.rs/ELTEC/srp/NIF2/SRP18520.txt#offset_98560_98561"
"http://llod.jerteh.rs/ELTEC/srp/NIF2/SRP18520.txt#offset_98562_98566","који","98562","98566","http://llod.jerteh.rs/ELTEC/srp/NIF2/SRP18520.txt#offset_98560_98561","http://llod.jerteh.rs/ELTEC/srp/NIF2/SRP18520.txt#offset_98567_98569"
"http://llod.jerteh.rs/ELTEC/srp/NIF2/SRP18520.txt#offset_98567_98569","јесам","98567","98569","http://llod.jerteh.rs/ELTEC/srp/NIF2/SRP18520.txt#offset_98562_98566","http://llod.jerteh.rs/ELTEC/srp/NIF2/SRP18520.txt#offset_98570_98576"
"http://llod.jerteh.rs/ELTEC/srp/NIF2/SRP18520.txt#offset_98570_98576","Младен","98570","98576","http://llod.jerteh.rs/ELTEC/srp/NIF2/SRP18520.txt#offset_98567_98569","http://llod.jerteh.rs/ELTEC/srp/NIF2/SRP18520.txt#offset_98577_98583"
"http://llod.jerteh.rs/ELTEC/srp/NIF2/SRP18520.txt#offset_98596_98600","бити","98596","98600","http://llod.jerteh.rs/ELTEC/srp/NIF2/SRP18520.txt#offset_98589_98595","http://llod.jerteh.rs/ELTEC/srp/NIF2/SRP18520.txt#offset_98601_98606"
"http://llod.jerteh.rs/ELTEC/srp/NIF2/SRP18520.txt#offset_98601_98606","њихов","98601","98606","http://llod.jerteh.rs/ELTEC/srp/NIF2/SRP18520.txt#offset_98596_98600","http://llod.jerteh.rs/ELTEC/srp/NIF2/SRP18520.txt#offset_98607_98615"
"http://llod.jerteh.rs/ELTEC/srp/NIF2/SRP18520.txt#offset_98607_98615","утешитељ","98607","98615","http://llod.jerteh.rs/ELTEC/srp/NIF2/SRP18520.txt#offset_98601_98606","http://llod.jerteh.rs/ELTEC/srp/NIF2/SRP18520.txt#offset_98615_98616"
"http://llod.jerteh.rs/ELTEC/srp/NIF2/SRP18520.txt#offset_9862_9864","па","9862","9864","http://llod.jerteh.rs/ELTEC/srp/NIF2/SRP18520.txt#offset_9860_9861","http://llod.jerteh.rs/ELTEC/srp/NIF2/SRP18520.txt#offset_9865_9867"
"http://llod.jerteh.rs/ELTEC/srp/NIF2/SRP18520.txt#offset_98617_98622","њихов","98617","98622","http://llod.jerteh.rs/ELTEC/srp/NIF2/SRP18520.txt#offset_98615_98616","http://llod.jerteh.rs/ELTEC/srp/NIF2/SRP18520.txt#offset_98623_98628"
"http://llod.jerteh.rs/ELTEC/srp/NIF2/SRP18520.txt#offset_98623_98628","анђео","98623","98628","http://llod.jerteh.rs/ELTEC/srp/NIF2/SRP18520.txt#offset_98617_98622","http://llod.jerteh.rs/ELTEC/srp/NIF2/SRP18520.txt#offset_98629_98637"
"http://llod.jerteh.rs/ELTEC/srp/NIF2/SRP18520.txt#offset_98629_98637","хранитељ","98629","98637","http://llod.jerteh.rs/ELTEC/srp/NIF2/SRP18520.txt#offset_98623_98628","http://llod.jerteh.rs/ELTEC/srp/NIF2/SRP18520.txt#offset_98638_98639"
"http://llod.jerteh.rs/ELTEC/srp/NIF2/SRP18520.txt#offset_98638_98639","и","98638","98639","http://llod.jerteh.rs/ELTEC/srp/NIF2/SRP18520.txt#offset_98629_98637","http://llod.jerteh.rs/ELTEC/srp/NIF2/SRP18520.txt#offset_98640_98649"
"http://llod.jerteh.rs/ELTEC/srp/NIF2/SRP18520.txt#offset_9865_9867","за","9865","9867","http://llod.jerteh.rs/ELTEC/srp/NIF2/SRP18520.txt#offset_9862_9864","http://llod.jerteh.rs/ELTEC/srp/NIF2/SRP18520.txt#offset_9868_9873"
"http://llod.jerteh.rs/ELTEC/srp/NIF2/SRP18520.txt#offset_98640_98649","обранитељ","98640","98649","http://llod.jerteh.rs/ELTEC/srp/NIF2/SRP18520.txt#offset_98638_98639","http://llod.jerteh.rs/ELTEC/srp/NIF2/SRP18520.txt#offset_98650_98651"
"http://llod.jerteh.rs/ELTEC/srp/NIF2/SRP18520.txt#offset_98650_98651","у","98650","98651","http://llod.jerteh.rs/ELTEC/srp/NIF2/SRP18520.txt#offset_98640_98649","http://llod.jerteh.rs/ELTEC/srp/NIF2/SRP18520.txt#offset_98652_98659"
"http://llod.jerteh.rs/ELTEC/srp/NIF2/SRP18520.txt#offset_98652_98659","њихов","98652","98659","http://llod.jerteh.rs/ELTEC/srp/NIF2/SRP18520.txt#offset_98650_98651","http://llod.jerteh.rs/ELTEC/srp/NIF2/SRP18520.txt#offset_98660_98664"
"http://llod.jerteh.rs/ELTEC/srp/NIF2/SRP18520.txt#offset_98660_98664","беда","98660","98664","http://llod.jerteh.rs/ELTEC/srp/NIF2/SRP18520.txt#offset_98652_98659","http://llod.jerteh.rs/ELTEC/srp/NIF2/SRP18520.txt#offset_98664_98665"
"http://llod.jerteh.rs/ELTEC/srp/NIF2/SRP18520.txt#offset_9868_9873","данас","9868","9873","http://llod.jerteh.rs/ELTEC/srp/NIF2/SRP18520.txt#offset_9865_9867","http://llod.jerteh.rs/ELTEC/srp/NIF2/SRP18520.txt#offset_9874_9877"
"http://llod.jerteh.rs/ELTEC/srp/NIF2/SRP18520.txt#offset_98666_98668","он","98666","98668","http://llod.jerteh.rs/ELTEC/srp/NIF2/SRP18520.txt#offset_98664_98665","http://llod.jerteh.rs/ELTEC/srp/NIF2/SRP18520.txt#offset_98669_98672"
"http://llod.jerteh.rs/ELTEC/srp/NIF2/SRP18520.txt#offset_98669_98672","она","98669","98672","http://llod.jerteh.rs/ELTEC/srp/NIF2/SRP18520.txt#offset_98666_98668","http://llod.jerteh.rs/ELTEC/srp/NIF2/SRP18520.txt#offset_98673_98678"
"http://llod.jerteh.rs/ELTEC/srp/NIF2/SRP18520.txt#offset_98673_98678","никад","98673","98678","http://llod.jerteh.rs/ELTEC/srp/NIF2/SRP18520.txt#offset_98669_98672","http://llod.jerteh.rs/ELTEC/srp/NIF2/SRP18520.txt#offset_98679_98683"
"http://llod.jerteh.rs/ELTEC/srp/NIF2/SRP18520.txt#offset_98679_98683","јесам","98679","98683","http://llod.jerteh.rs/ELTEC/srp/NIF2/SRP18520.txt#offset_98673_98678","http://llod.jerteh.rs/ELTEC/srp/NIF2/SRP18520.txt#offset_98684_98686"
"http://llod.jerteh.rs/ELTEC/srp/NIF2/SRP18520.txt#offset_98684_98686","на","98684","98686","http://llod.jerteh.rs/ELTEC/srp/NIF2/SRP18520.txt#offset_98679_98683","http://llod.jerteh.rs/ELTEC/srp/NIF2/SRP18520.txt#offset_98687_98690"
"http://llod.jerteh.rs/ELTEC/srp/NIF2/SRP18520.txt#offset_98687_98690","зло","98687","98690","http://llod.jerteh.rs/ELTEC/srp/NIF2/SRP18520.txt#offset_98684_98686","http://llod.jerteh.rs/ELTEC/srp/NIF2/SRP18520.txt#offset_98691_98698"
"http://llod.jerteh.rs/ELTEC/srp/NIF2/SRP18520.txt#offset_98691_98698","наводити","98691","98698","http://llod.jerteh.rs/ELTEC/srp/NIF2/SRP18520.txt#offset_98687_98690","http://llod.jerteh.rs/ELTEC/srp/NIF2/SRP18520.txt#offset_98698_98699"
"http://llod.jerteh.rs/ELTEC/srp/NIF2/SRP18520.txt#offset_9874_9877","све","9874","9877","http://llod.jerteh.rs/ELTEC/srp/NIF2/SRP18520.txt#offset_9868_9873","http://llod.jerteh.rs/ELTEC/srp/NIF2/SRP18520.txt#offset_9878_9881"
"http://llod.jerteh.rs/ELTEC/srp/NIF2/SRP18520.txt#offset_98700_98702","па","98700","98702","http://llod.jerteh.rs/ELTEC/srp/NIF2/SRP18520.txt#offset_98698_98699","http://llod.jerteh.rs/ELTEC/srp/NIF2/SRP18520.txt#offset_98703_98706"
"http://llod.jerteh.rs/ELTEC/srp/NIF2/SRP18520.txt#offset_98703_98706","они","98703","98706","http://llod.jerteh.rs/ELTEC/srp/NIF2/SRP18520.txt#offset_98700_98702","http://llod.jerteh.rs/ELTEC/srp/NIF2/SRP18520.txt#offset_98707_98711"
"http://llod.jerteh.rs/ELTEC/srp/NIF2/SRP18520.txt#offset_98707_98711","зато","98707","98711","http://llod.jerteh.rs/ELTEC/srp/NIF2/SRP18520.txt#offset_98703_98706","http://llod.jerteh.rs/ELTEC/srp/NIF2/SRP18520.txt#offset_98712_98716"
"http://llod.jerteh.rs/ELTEC/srp/NIF2/SRP18520.txt#offset_98712_98716","он","98712","98716","http://llod.jerteh.rs/ELTEC/srp/NIF2/SRP18520.txt#offset_98707_98711","http://llod.jerteh.rs/ELTEC/srp/NIF2/SRP18520.txt#offset_98717_98718"
"http://llod.jerteh.rs/ELTEC/srp/NIF2/SRP18520.txt#offset_98717_98718","и","98717","98718","http://llod.jerteh.rs/ELTEC/srp/NIF2/SRP18520.txt#offset_98712_98716","http://llod.jerteh.rs/ELTEC/srp/NIF2/SRP18520.txt#offset_98719_98722"
"http://llod.jerteh.rs/ELTEC/srp/NIF2/SRP18520.txt#offset_98719_98722","сад","98719","98722","http://llod.jerteh.rs/ELTEC/srp/NIF2/SRP18520.txt#offset_98717_98718","http://llod.jerteh.rs/ELTEC/srp/NIF2/SRP18520.txt#offset_98723_98731"
"http://llod.jerteh.rs/ELTEC/srp/NIF2/SRP18520.txt#offset_98723_98731","веровати","98723","98731","http://llod.jerteh.rs/ELTEC/srp/NIF2/SRP18520.txt#offset_98719_98722","http://llod.jerteh.rs/ELTEC/srp/NIF2/SRP18520.txt#offset_98731_98732"
"http://llod.jerteh.rs/ELTEC/srp/NIF2/SRP18520.txt#offset_98733_98735","да","98733","98735","http://llod.jerteh.rs/ELTEC/srp/NIF2/SRP18520.txt#offset_98731_98732","http://llod.jerteh.rs/ELTEC/srp/NIF2/SRP18520.txt#offset_98736_98738"
"http://llod.jerteh.rs/ELTEC/srp/NIF2/SRP18520.txt#offset_98736_98738","она","98736","98738","http://llod.jerteh.rs/ELTEC/srp/NIF2/SRP18520.txt#offset_98733_98735","http://llod.jerteh.rs/ELTEC/srp/NIF2/SRP18520.txt#offset_98739_98741"
"http://llod.jerteh.rs/ELTEC/srp/NIF2/SRP18520.txt#offset_98739_98741","он","98739","98741","http://llod.jerteh.rs/ELTEC/srp/NIF2/SRP18520.txt#offset_98736_98738","http://llod.jerteh.rs/ELTEC/srp/NIF2/SRP18520.txt#offset_98742_98743"
"http://llod.jerteh.rs/ELTEC/srp/NIF2/SRP18520.txt#offset_98742_98743","и","98742","98743","http://llod.jerteh.rs/ELTEC/srp/NIF2/SRP18520.txt#offset_98739_98741","http://llod.jerteh.rs/ELTEC/srp/NIF2/SRP18520.txt#offset_98744_98747"
"http://llod.jerteh.rs/ELTEC/srp/NIF2/SRP18520.txt#offset_98744_98747","сад","98744","98747","http://llod.jerteh.rs/ELTEC/srp/NIF2/SRP18520.txt#offset_98742_98743","http://llod.jerteh.rs/ELTEC/srp/NIF2/SRP18520.txt#offset_98748_98750"
"http://llod.jerteh.rs/ELTEC/srp/NIF2/SRP18520.txt#offset_98748_98750","на","98748","98750","http://llod.jerteh.rs/ELTEC/srp/NIF2/SRP18520.txt#offset_98744_98747","http://llod.jerteh.rs/ELTEC/srp/NIF2/SRP18520.txt#offset_98751_98756"
"http://llod.jerteh.rs/ELTEC/srp/NIF2/SRP18520.txt#offset_98751_98756","добро","98751","98756","http://llod.jerteh.rs/ELTEC/srp/NIF2/SRP18520.txt#offset_98748_98750","http://llod.jerteh.rs/ELTEC/srp/NIF2/SRP18520.txt#offset_98757_98761"
"http://llod.jerteh.rs/ELTEC/srp/NIF2/SRP18520.txt#offset_9878_9881","хтети","9878","9881","http://llod.jerteh.rs/ELTEC/srp/NIF2/SRP18520.txt#offset_9874_9877","http://llod.jerteh.rs/ELTEC/srp/NIF2/SRP18520.txt#offset_9882_9892"
"http://llod.jerteh.rs/ELTEC/srp/NIF2/SRP18520.txt#offset_98757_98761","водити","98757","98761","http://llod.jerteh.rs/ELTEC/srp/NIF2/SRP18520.txt#offset_98751_98756","http://llod.jerteh.rs/ELTEC/srp/NIF2/SRP18520.txt#offset_98762_98763"
"http://llod.jerteh.rs/ELTEC/srp/NIF2/SRP18520.txt#offset_98762_98763","и","98762","98763","http://llod.jerteh.rs/ELTEC/srp/NIF2/SRP18520.txt#offset_98757_98761","http://llod.jerteh.rs/ELTEC/srp/NIF2/SRP18520.txt#offset_98764_98766"
"http://llod.jerteh.rs/ELTEC/srp/NIF2/SRP18520.txt#offset_98764_98766","да","98764","98766","http://llod.jerteh.rs/ELTEC/srp/NIF2/SRP18520.txt#offset_98762_98763","http://llod.jerteh.rs/ELTEC/srp/NIF2/SRP18520.txt#offset_98767_98769"
"http://llod.jerteh.rs/ELTEC/srp/NIF2/SRP18520.txt#offset_98767_98769","хтети","98767","98769","http://llod.jerteh.rs/ELTEC/srp/NIF2/SRP18520.txt#offset_98764_98766","http://llod.jerteh.rs/ELTEC/srp/NIF2/SRP18520.txt#offset_98770_98772"
"http://llod.jerteh.rs/ELTEC/srp/NIF2/SRP18520.txt#offset_98770_98772","она","98770","98772","http://llod.jerteh.rs/ELTEC/srp/NIF2/SRP18520.txt#offset_98767_98769","http://llod.jerteh.rs/ELTEC/srp/NIF2/SRP18520.txt#offset_98773_98774"
"http://llod.jerteh.rs/ELTEC/srp/NIF2/SRP18520.txt#offset_98773_98774","и","98773","98774","http://llod.jerteh.rs/ELTEC/srp/NIF2/SRP18520.txt#offset_98770_98772","http://llod.jerteh.rs/ELTEC/srp/NIF2/SRP18520.txt#offset_98775_98777"
"http://llod.jerteh.rs/ELTEC/srp/NIF2/SRP18520.txt#offset_98775_98777","од","98775","98777","http://llod.jerteh.rs/ELTEC/srp/NIF2/SRP18520.txt#offset_98773_98774","http://llod.jerteh.rs/ELTEC/srp/NIF2/SRP18520.txt#offset_98778_98781"
"http://llod.jerteh.rs/ELTEC/srp/NIF2/SRP18520.txt#offset_98778_98781","сад","98778","98781","http://llod.jerteh.rs/ELTEC/srp/NIF2/SRP18520.txt#offset_98775_98777","http://llod.jerteh.rs/ELTEC/srp/NIF2/SRP18520.txt#offset_98782_98784"
"http://llod.jerteh.rs/ELTEC/srp/NIF2/SRP18520.txt#offset_98782_98784","од","98782","98784","http://llod.jerteh.rs/ELTEC/srp/NIF2/SRP18520.txt#offset_98778_98781","http://llod.jerteh.rs/ELTEC/srp/NIF2/SRP18520.txt#offset_98785_98789"
"http://llod.jerteh.rs/ELTEC/srp/NIF2/SRP18520.txt#offset_98785_98789","беда","98785","98789","http://llod.jerteh.rs/ELTEC/srp/NIF2/SRP18520.txt#offset_98782_98784","http://llod.jerteh.rs/ELTEC/srp/NIF2/SRP18520.txt#offset_98790_98791"
"http://llod.jerteh.rs/ELTEC/srp/NIF2/SRP18520.txt#offset_98790_98791","и","98790","98791","http://llod.jerteh.rs/ELTEC/srp/NIF2/SRP18520.txt#offset_98785_98789","http://llod.jerteh.rs/ELTEC/srp/NIF2/SRP18520.txt#offset_98792_98799"
"http://llod.jerteh.rs/ELTEC/srp/NIF2/SRP18520.txt#offset_9882_9892","заборавити","9882","9892","http://llod.jerteh.rs/ELTEC/srp/NIF2/SRP18520.txt#offset_9878_9881","http://llod.jerteh.rs/ELTEC/srp/NIF2/SRP18520.txt#offset_9892_9893"
"http://llod.jerteh.rs/ELTEC/srp/NIF2/SRP18520.txt#offset_98792_98799","напасти","98792","98799","http://llod.jerteh.rs/ELTEC/srp/NIF2/SRP18520.txt#offset_98790_98791","http://llod.jerteh.rs/ELTEC/srp/NIF2/SRP18520.txt#offset_98800_98811"
"http://llod.jerteh.rs/ELTEC/srp/NIF2/SRP18520.txt#offset_98820_98822","јесам","98820","98822","http://llod.jerteh.rs/ELTEC/srp/NIF2/SRP18520.txt#offset_98816_98819","http://llod.jerteh.rs/ELTEC/srp/NIF2/SRP18520.txt#offset_98823_98830"
"http://llod.jerteh.rs/ELTEC/srp/NIF2/SRP18520.txt#offset_98823_98830","касније","98823","98830","http://llod.jerteh.rs/ELTEC/srp/NIF2/SRP18520.txt#offset_98820_98822","http://llod.jerteh.rs/ELTEC/srp/NIF2/SRP18520.txt#offset_98831_98833"
"http://llod.jerteh.rs/ELTEC/srp/NIF2/SRP18520.txt#offset_98831_98833","до","98831","98833","http://llod.jerteh.rs/ELTEC/srp/NIF2/SRP18520.txt#offset_98823_98830","http://llod.jerteh.rs/ELTEC/srp/NIF2/SRP18520.txt#offset_98834_98839"
"http://llod.jerteh.rs/ELTEC/srp/NIF2/SRP18520.txt#offset_98834_98839","битка","98834","98839","http://llod.jerteh.rs/ELTEC/srp/NIF2/SRP18520.txt#offset_98831_98833","http://llod.jerteh.rs/ELTEC/srp/NIF2/SRP18520.txt#offset_98840_98845"
"http://llod.jerteh.rs/ELTEC/srp/NIF2/SRP18520.txt#offset_98840_98845","доћи","98840","98845","http://llod.jerteh.rs/ELTEC/srp/NIF2/SRP18520.txt#offset_98834_98839","http://llod.jerteh.rs/ELTEC/srp/NIF2/SRP18520.txt#offset_98845_98846"
"http://llod.jerteh.rs/ELTEC/srp/NIF2/SRP18520.txt#offset_98847_98850","кад","98847","98850","http://llod.jerteh.rs/ELTEC/srp/NIF2/SRP18520.txt#offset_98845_98846","http://llod.jerteh.rs/ELTEC/srp/NIF2/SRP18520.txt#offset_98851_98853"
"http://llod.jerteh.rs/ELTEC/srp/NIF2/SRP18520.txt#offset_98851_98853","јесам","98851","98853","http://llod.jerteh.rs/ELTEC/srp/NIF2/SRP18520.txt#offset_98847_98850","http://llod.jerteh.rs/ELTEC/srp/NIF2/SRP18520.txt#offset_98854_98860"
"http://llod.jerteh.rs/ELTEC/srp/NIF2/SRP18520.txt#offset_98854_98860","топ","98854","98860","http://llod.jerteh.rs/ELTEC/srp/NIF2/SRP18520.txt#offset_98851_98853","http://llod.jerteh.rs/ELTEC/srp/NIF2/SRP18520.txt#offset_98861_98869"
"http://llod.jerteh.rs/ELTEC/srp/NIF2/SRP18520.txt#offset_98861_98869","загрмети","98861","98869","http://llod.jerteh.rs/ELTEC/srp/NIF2/SRP18520.txt#offset_98854_98860","http://llod.jerteh.rs/ELTEC/srp/NIF2/SRP18520.txt#offset_98869_98870"
"http://llod.jerteh.rs/ELTEC/srp/NIF2/SRP18520.txt#offset_98871_98874","кад","98871","98874","http://llod.jerteh.rs/ELTEC/srp/NIF2/SRP18520.txt#offset_98869_98870","http://llod.jerteh.rs/ELTEC/srp/NIF2/SRP18520.txt#offset_98875_98877"
"http://llod.jerteh.rs/ELTEC/srp/NIF2/SRP18520.txt#offset_98875_98877","се","98875","98877","http://llod.jerteh.rs/ELTEC/srp/NIF2/SRP18520.txt#offset_98871_98874","http://llod.jerteh.rs/ELTEC/srp/NIF2/SRP18520.txt#offset_98878_98881"
"http://llod.jerteh.rs/ELTEC/srp/NIF2/SRP18520.txt#offset_98878_98881","крв","98878","98881","http://llod.jerteh.rs/ELTEC/srp/NIF2/SRP18520.txt#offset_98875_98877","http://llod.jerteh.rs/ELTEC/srp/NIF2/SRP18520.txt#offset_98882_98891"
"http://llod.jerteh.rs/ELTEC/srp/NIF2/SRP18520.txt#offset_98882_98891","пролевати","98882","98891","http://llod.jerteh.rs/ELTEC/srp/NIF2/SRP18520.txt#offset_98878_98881","http://llod.jerteh.rs/ELTEC/srp/NIF2/SRP18520.txt#offset_98891_98892"
"http://llod.jerteh.rs/ELTEC/srp/NIF2/SRP18520.txt#offset_98893_98897","онда","98893","98897","http://llod.jerteh.rs/ELTEC/srp/NIF2/SRP18520.txt#offset_98891_98892","http://llod.jerteh.rs/ELTEC/srp/NIF2/SRP18520.txt#offset_98898_98900"
"http://llod.jerteh.rs/ELTEC/srp/NIF2/SRP18520.txt#offset_98898_98900","јесам","98898","98900","http://llod.jerteh.rs/ELTEC/srp/NIF2/SRP18520.txt#offset_98893_98897","http://llod.jerteh.rs/ELTEC/srp/NIF2/SRP18520.txt#offset_98901_98903"
"http://llod.jerteh.rs/ELTEC/srp/NIF2/SRP18520.txt#offset_98901_98903","се","98901","98903","http://llod.jerteh.rs/ELTEC/srp/NIF2/SRP18520.txt#offset_98898_98900","http://llod.jerteh.rs/ELTEC/srp/NIF2/SRP18520.txt#offset_98904_98907"
"http://llod.jerteh.rs/ELTEC/srp/NIF2/SRP18520.txt#offset_98904_98907","овај","98904","98907","http://llod.jerteh.rs/ELTEC/srp/NIF2/SRP18520.txt#offset_98901_98903","http://llod.jerteh.rs/ELTEC/srp/NIF2/SRP18520.txt#offset_98908_98912"
"http://llod.jerteh.rs/ELTEC/srp/NIF2/SRP18520.txt#offset_98908_98912","људи","98908","98912","http://llod.jerteh.rs/ELTEC/srp/NIF2/SRP18520.txt#offset_98904_98907","http://llod.jerteh.rs/ELTEC/srp/NIF2/SRP18520.txt#offset_98913_98920"
"http://llod.jerteh.rs/ELTEC/srp/NIF2/SRP18520.txt#offset_98913_98920","јуначки","98913","98920","http://llod.jerteh.rs/ELTEC/srp/NIF2/SRP18520.txt#offset_98908_98912","http://llod.jerteh.rs/ELTEC/srp/NIF2/SRP18520.txt#offset_98920_98921"
"http://llod.jerteh.rs/ELTEC/srp/NIF2/SRP18520.txt#offset_98922_98929","одважно","98922","98929","http://llod.jerteh.rs/ELTEC/srp/NIF2/SRP18520.txt#offset_98920_98921","http://llod.jerteh.rs/ELTEC/srp/NIF2/SRP18520.txt#offset_98930_98931"
"http://llod.jerteh.rs/ELTEC/srp/NIF2/SRP18520.txt#offset_98930_98931","и","98930","98931","http://llod.jerteh.rs/ELTEC/srp/NIF2/SRP18520.txt#offset_98922_98929","http://llod.jerteh.rs/ELTEC/srp/NIF2/SRP18520.txt#offset_98932_98941"
"http://llod.jerteh.rs/ELTEC/srp/NIF2/SRP18520.txt#offset_98932_98941","постојано","98932","98941","http://llod.jerteh.rs/ELTEC/srp/NIF2/SRP18520.txt#offset_98930_98931","http://llod.jerteh.rs/ELTEC/srp/NIF2/SRP18520.txt#offset_98942_98948"
"http://llod.jerteh.rs/ELTEC/srp/NIF2/SRP18520.txt#offset_98942_98948","борити","98942","98948","http://llod.jerteh.rs/ELTEC/srp/NIF2/SRP18520.txt#offset_98932_98941","http://llod.jerteh.rs/ELTEC/srp/NIF2/SRP18520.txt#offset_98948_98949"
"http://llod.jerteh.rs/ELTEC/srp/NIF2/SRP18520.txt#offset_98950_98953","јер","98950","98953","http://llod.jerteh.rs/ELTEC/srp/NIF2/SRP18520.txt#offset_98948_98949","http://llod.jerteh.rs/ELTEC/srp/NIF2/SRP18520.txt#offset_98954_98960"
"http://llod.jerteh.rs/ELTEC/srp/NIF2/SRP18520.txt#offset_98954_98960","Младен","98954","98960","http://llod.jerteh.rs/ELTEC/srp/NIF2/SRP18520.txt#offset_98950_98953","http://llod.jerteh.rs/ELTEC/srp/NIF2/SRP18520.txt#offset_98961_98965"
"http://llod.jerteh.rs/ELTEC/srp/NIF2/SRP18520.txt#offset_98961_98965","бити","98961","98965","http://llod.jerteh.rs/ELTEC/srp/NIF2/SRP18520.txt#offset_98954_98960","http://llod.jerteh.rs/ELTEC/srp/NIF2/SRP18520.txt#offset_98966_98970"
"http://llod.jerteh.rs/ELTEC/srp/NIF2/SRP18520.txt#offset_98966_98970","увек","98966","98970","http://llod.jerteh.rs/ELTEC/srp/NIF2/SRP18520.txt#offset_98961_98965","http://llod.jerteh.rs/ELTEC/srp/NIF2/SRP18520.txt#offset_98971_98975"
"http://llod.jerteh.rs/ELTEC/srp/NIF2/SRP18520.txt#offset_98971_98975","међу","98971","98975","http://llod.jerteh.rs/ELTEC/srp/NIF2/SRP18520.txt#offset_98966_98970","http://llod.jerteh.rs/ELTEC/srp/NIF2/SRP18520.txt#offset_98976_98980"
"http://llod.jerteh.rs/ELTEC/srp/NIF2/SRP18520.txt#offset_98976_98980","она","98976","98980","http://llod.jerteh.rs/ELTEC/srp/NIF2/SRP18520.txt#offset_98971_98975","http://llod.jerteh.rs/ELTEC/srp/NIF2/SRP18520.txt#offset_98980_98981"
"http://llod.jerteh.rs/ELTEC/srp/NIF2/SRP18520.txt#offset_9901_9903","хтети","9901","9903","http://llod.jerteh.rs/ELTEC/srp/NIF2/SRP18520.txt#offset_9897_9900","http://llod.jerteh.rs/ELTEC/srp/NIF2/SRP18520.txt#offset_9904_9914"
"http://llod.jerteh.rs/ELTEC/srp/NIF2/SRP18520.txt#offset_98982_98985","где","98982","98985","http://llod.jerteh.rs/ELTEC/srp/NIF2/SRP18520.txt#offset_98980_98981","http://llod.jerteh.rs/ELTEC/srp/NIF2/SRP18520.txt#offset_98986_98988"
"http://llod.jerteh.rs/ELTEC/srp/NIF2/SRP18520.txt#offset_98986_98988","јесам","98986","98988","http://llod.jerteh.rs/ELTEC/srp/NIF2/SRP18520.txt#offset_98982_98985","http://llod.jerteh.rs/ELTEC/srp/NIF2/SRP18520.txt#offset_98989_98993"
"http://llod.jerteh.rs/ELTEC/srp/NIF2/SRP18520.txt#offset_98989_98993","бити","98989","98993","http://llod.jerteh.rs/ELTEC/srp/NIF2/SRP18520.txt#offset_98986_98988","http://llod.jerteh.rs/ELTEC/srp/NIF2/SRP18520.txt#offset_98994_99001"
"http://llod.jerteh.rs/ELTEC/srp/NIF2/SRP18520.txt#offset_98994_99001","велик","98994","99001","http://llod.jerteh.rs/ELTEC/srp/NIF2/SRP18520.txt#offset_98989_98993","http://llod.jerteh.rs/ELTEC/srp/NIF2/SRP18520.txt#offset_99002_99008"
"http://llod.jerteh.rs/ELTEC/srp/NIF2/SRP18520.txt#offset_99002_99008","невоља","99002","99008","http://llod.jerteh.rs/ELTEC/srp/NIF2/SRP18520.txt#offset_98994_99001","http://llod.jerteh.rs/ELTEC/srp/NIF2/SRP18520.txt#offset_99008_99009"
"http://llod.jerteh.rs/ELTEC/srp/NIF2/SRP18520.txt#offset_99010_99012","тај","99010","99012","http://llod.jerteh.rs/ELTEC/srp/NIF2/SRP18520.txt#offset_99008_99009","http://llod.jerteh.rs/ELTEC/srp/NIF2/SRP18520.txt#offset_99013_99015"
"http://llod.jerteh.rs/ELTEC/srp/NIF2/SRP18520.txt#offset_99013_99015","јесам","99013","99015","http://llod.jerteh.rs/ELTEC/srp/NIF2/SRP18520.txt#offset_99010_99012","http://llod.jerteh.rs/ELTEC/srp/NIF2/SRP18520.txt#offset_99016_99019"
"http://llod.jerteh.rs/ELTEC/srp/NIF2/SRP18520.txt#offset_99016_99019","бити","99016","99019","http://llod.jerteh.rs/ELTEC/srp/NIF2/SRP18520.txt#offset_99013_99015","http://llod.jerteh.rs/ELTEC/srp/NIF2/SRP18520.txt#offset_99020_99022"
"http://llod.jerteh.rs/ELTEC/srp/NIF2/SRP18520.txt#offset_99020_99022","он","99020","99022","http://llod.jerteh.rs/ELTEC/srp/NIF2/SRP18520.txt#offset_99016_99019","http://llod.jerteh.rs/ELTEC/srp/NIF2/SRP18520.txt#offset_99023_99027"
"http://llod.jerteh.rs/ELTEC/srp/NIF2/SRP18520.txt#offset_9904_9914","заборавити","9904","9914","http://llod.jerteh.rs/ELTEC/srp/NIF2/SRP18520.txt#offset_9901_9903","http://llod.jerteh.rs/ELTEC/srp/NIF2/SRP18520.txt#offset_9914_9915"
"http://llod.jerteh.rs/ELTEC/srp/NIF2/SRP18520.txt#offset_99023_99027","међу","99023","99027","http://llod.jerteh.rs/ELTEC/srp/NIF2/SRP18520.txt#offset_99020_99022","http://llod.jerteh.rs/ELTEC/srp/NIF2/SRP18520.txt#offset_99028_99032"
"http://llod.jerteh.rs/ELTEC/srp/NIF2/SRP18520.txt#offset_99028_99032","она","99028","99032","http://llod.jerteh.rs/ELTEC/srp/NIF2/SRP18520.txt#offset_99023_99027","http://llod.jerteh.rs/ELTEC/srp/NIF2/SRP18520.txt#offset_99033_99034"
"http://llod.jerteh.rs/ELTEC/srp/NIF2/SRP18520.txt#offset_99033_99034","и","99033","99034","http://llod.jerteh.rs/ELTEC/srp/NIF2/SRP18520.txt#offset_99028_99032","http://llod.jerteh.rs/ELTEC/srp/NIF2/SRP18520.txt#offset_99035_99041"
"http://llod.jerteh.rs/ELTEC/srp/NIF2/SRP18520.txt#offset_99035_99041","сносити","99035","99041","http://llod.jerteh.rs/ELTEC/srp/NIF2/SRP18520.txt#offset_99033_99034","http://llod.jerteh.rs/ELTEC/srp/NIF2/SRP18520.txt#offset_99042_99048"
"http://llod.jerteh.rs/ELTEC/srp/NIF2/SRP18520.txt#offset_99042_99048","невоља","99042","99048","http://llod.jerteh.rs/ELTEC/srp/NIF2/SRP18520.txt#offset_99035_99041","http://llod.jerteh.rs/ELTEC/srp/NIF2/SRP18520.txt#offset_99049_99056"
"http://llod.jerteh.rs/ELTEC/srp/NIF2/SRP18520.txt#offset_99049_99056","заједно","99049","99056","http://llod.jerteh.rs/ELTEC/srp/NIF2/SRP18520.txt#offset_99042_99048","http://llod.jerteh.rs/ELTEC/srp/NIF2/SRP18520.txt#offset_99057_99059"
"http://llod.jerteh.rs/ELTEC/srp/NIF2/SRP18520.txt#offset_99057_99059","са","99057","99059","http://llod.jerteh.rs/ELTEC/srp/NIF2/SRP18520.txt#offset_99049_99056","http://llod.jerteh.rs/ELTEC/srp/NIF2/SRP18520.txt#offset_99060_99066"
"http://llod.jerteh.rs/ELTEC/srp/NIF2/SRP18520.txt#offset_99060_99066","свој","99060","99066","http://llod.jerteh.rs/ELTEC/srp/NIF2/SRP18520.txt#offset_99057_99059","http://llod.jerteh.rs/ELTEC/srp/NIF2/SRP18520.txt#offset_99067_99073"
"http://llod.jerteh.rs/ELTEC/srp/NIF2/SRP18520.txt#offset_99067_99073","браћа","99067","99073","http://llod.jerteh.rs/ELTEC/srp/NIF2/SRP18520.txt#offset_99060_99066","http://llod.jerteh.rs/ELTEC/srp/NIF2/SRP18520.txt#offset_99073_99074"
"http://llod.jerteh.rs/ELTEC/srp/NIF2/SRP18520.txt#offset_99075_99077","те","99075","99077","http://llod.jerteh.rs/ELTEC/srp/NIF2/SRP18520.txt#offset_99073_99074","http://llod.jerteh.rs/ELTEC/srp/NIF2/SRP18520.txt#offset_99078_99080"
"http://llod.jerteh.rs/ELTEC/srp/NIF2/SRP18520.txt#offset_99078_99080","она","99078","99080","http://llod.jerteh.rs/ELTEC/srp/NIF2/SRP18520.txt#offset_99075_99077","http://llod.jerteh.rs/ELTEC/srp/NIF2/SRP18520.txt#offset_99081_99083"
"http://llod.jerteh.rs/ELTEC/srp/NIF2/SRP18520.txt#offset_99081_99083","јесам","99081","99083","http://llod.jerteh.rs/ELTEC/srp/NIF2/SRP18520.txt#offset_99078_99080","http://llod.jerteh.rs/ELTEC/srp/NIF2/SRP18520.txt#offset_99084_99091"
"http://llod.jerteh.rs/ELTEC/srp/NIF2/SRP18520.txt#offset_99084_99091","храбрити","99084","99091","http://llod.jerteh.rs/ELTEC/srp/NIF2/SRP18520.txt#offset_99081_99083","http://llod.jerteh.rs/ELTEC/srp/NIF2/SRP18520.txt#offset_99092_99098"
"http://llod.jerteh.rs/ELTEC/srp/NIF2/SRP18520.txt#offset_99092_99098","свој","99092","99098","http://llod.jerteh.rs/ELTEC/srp/NIF2/SRP18520.txt#offset_99084_99091","http://llod.jerteh.rs/ELTEC/srp/NIF2/SRP18520.txt#offset_99099_99105"
"http://llod.jerteh.rs/ELTEC/srp/NIF2/SRP18520.txt#offset_99099_99105","реч","99099","99105","http://llod.jerteh.rs/ELTEC/srp/NIF2/SRP18520.txt#offset_99092_99098","http://llod.jerteh.rs/ELTEC/srp/NIF2/SRP18520.txt#offset_99106_99107"
"http://llod.jerteh.rs/ELTEC/srp/NIF2/SRP18520.txt#offset_99106_99107","и","99106","99107","http://llod.jerteh.rs/ELTEC/srp/NIF2/SRP18520.txt#offset_99099_99105","http://llod.jerteh.rs/ELTEC/srp/NIF2/SRP18520.txt#offset_99108_99114"
"http://llod.jerteh.rs/ELTEC/srp/NIF2/SRP18520.txt#offset_99108_99114","свој","99108","99114","http://llod.jerteh.rs/ELTEC/srp/NIF2/SRP18520.txt#offset_99106_99107","http://llod.jerteh.rs/ELTEC/srp/NIF2/SRP18520.txt#offset_99115_99123"
"http://llod.jerteh.rs/ELTEC/srp/NIF2/SRP18520.txt#offset_99115_99123","пример","99115","99123","http://llod.jerteh.rs/ELTEC/srp/NIF2/SRP18520.txt#offset_99108_99114","http://llod.jerteh.rs/ELTEC/srp/NIF2/SRP18520.txt#offset_99123_99124"
"http://llod.jerteh.rs/ELTEC/srp/NIF2/SRP18520.txt#offset_99125_99128","где","99125","99128","http://llod.jerteh.rs/ELTEC/srp/NIF2/SRP18520.txt#offset_99123_99124","http://llod.jerteh.rs/ELTEC/srp/NIF2/SRP18520.txt#offset_99129_99133"
"http://llod.jerteh.rs/ELTEC/srp/NIF2/SRP18520.txt#offset_99129_99133","бити","99129","99133","http://llod.jerteh.rs/ELTEC/srp/NIF2/SRP18520.txt#offset_99125_99128","http://llod.jerteh.rs/ELTEC/srp/NIF2/SRP18520.txt#offset_99134_99141"
"http://llod.jerteh.rs/ELTEC/srp/NIF2/SRP18520.txt#offset_99134_99141","велик","99134","99141","http://llod.jerteh.rs/ELTEC/srp/NIF2/SRP18520.txt#offset_99129_99133","http://llod.jerteh.rs/ELTEC/srp/NIF2/SRP18520.txt#offset_99142_99151"
"http://llod.jerteh.rs/ELTEC/srp/NIF2/SRP18520.txt#offset_99142_99151","опасност","99142","99151","http://llod.jerteh.rs/ELTEC/srp/NIF2/SRP18520.txt#offset_99134_99141","http://llod.jerteh.rs/ELTEC/srp/NIF2/SRP18520.txt#offset_99151_99152"
"http://llod.jerteh.rs/ELTEC/srp/NIF2/SRP18520.txt#offset_99153_99157","тамо","99153","99157","http://llod.jerteh.rs/ELTEC/srp/NIF2/SRP18520.txt#offset_99151_99152","http://llod.jerteh.rs/ELTEC/srp/NIF2/SRP18520.txt#offset_99158_99160"
"http://llod.jerteh.rs/ELTEC/srp/NIF2/SRP18520.txt#offset_99158_99160","јесам","99158","99160","http://llod.jerteh.rs/ELTEC/srp/NIF2/SRP18520.txt#offset_99153_99157","http://llod.jerteh.rs/ELTEC/srp/NIF2/SRP18520.txt#offset_99161_99163"
"http://llod.jerteh.rs/ELTEC/srp/NIF2/SRP18520.txt#offset_99161_99163","он","99161","99163","http://llod.jerteh.rs/ELTEC/srp/NIF2/SRP18520.txt#offset_99158_99160","http://llod.jerteh.rs/ELTEC/srp/NIF2/SRP18520.txt#offset_99164_99170"
"http://llod.jerteh.rs/ELTEC/srp/NIF2/SRP18520.txt#offset_99164_99170","напред","99164","99170","http://llod.jerteh.rs/ELTEC/srp/NIF2/SRP18520.txt#offset_99161_99163","http://llod.jerteh.rs/ELTEC/srp/NIF2/SRP18520.txt#offset_99171_99175"
"http://llod.jerteh.rs/ELTEC/srp/NIF2/SRP18520.txt#offset_9918_9922","рећи","9918","9922","http://llod.jerteh.rs/ELTEC/srp/NIF2/SRP18520.txt#offset_9916_9917","http://llod.jerteh.rs/ELTEC/srp/NIF2/SRP18520.txt#offset_9923_9931"
"http://llod.jerteh.rs/ELTEC/srp/NIF2/SRP18520.txt#offset_99183_99185","од","99183","99185","http://llod.jerteh.rs/ELTEC/srp/NIF2/SRP18520.txt#offset_99181_99182","http://llod.jerteh.rs/ELTEC/srp/NIF2/SRP18520.txt#offset_99186_99189"
"http://llod.jerteh.rs/ELTEC/srp/NIF2/SRP18520.txt#offset_99186_99189","куд","99186","99189","http://llod.jerteh.rs/ELTEC/srp/NIF2/SRP18520.txt#offset_99183_99185","http://llod.jerteh.rs/ELTEC/srp/NIF2/SRP18520.txt#offset_99190_99191"
"http://llod.jerteh.rs/ELTEC/srp/NIF2/SRP18520.txt#offset_99190_99191","у","99190","99191","http://llod.jerteh.rs/ELTEC/srp/NIF2/SRP18520.txt#offset_99186_99189","http://llod.jerteh.rs/ELTEC/srp/NIF2/SRP18520.txt#offset_99192_99196"
"http://llod.jerteh.rs/ELTEC/srp/NIF2/SRP18520.txt#offset_9923_9931","Бачванин","9923","9931","http://llod.jerteh.rs/ELTEC/srp/NIF2/SRP18520.txt#offset_9918_9922","http://llod.jerteh.rs/ELTEC/srp/NIF2/SRP18520.txt#offset_9931_9932"
"http://llod.jerteh.rs/ELTEC/srp/NIF2/SRP18520.txt#offset_99192_99196","он","99192","99196","http://llod.jerteh.rs/ELTEC/srp/NIF2/SRP18520.txt#offset_99190_99191","http://llod.jerteh.rs/ELTEC/srp/NIF2/SRP18520.txt#offset_99197_99203"
"http://llod.jerteh.rs/ELTEC/srp/NIF2/SRP18520.txt#offset_99197_99203","толико","99197","99203","http://llod.jerteh.rs/ELTEC/srp/NIF2/SRP18520.txt#offset_99192_99196","http://llod.jerteh.rs/ELTEC/srp/NIF2/SRP18520.txt#offset_99204_99216"
"http://llod.jerteh.rs/ELTEC/srp/NIF2/SRP18520.txt#offset_99204_99216","постојанство","99204","99216","http://llod.jerteh.rs/ELTEC/srp/NIF2/SRP18520.txt#offset_99197_99203","http://llod.jerteh.rs/ELTEC/srp/NIF2/SRP18520.txt#offset_99217_99218"
"http://llod.jerteh.rs/ELTEC/srp/NIF2/SRP18520.txt#offset_99217_99218","и","99217","99218","http://llod.jerteh.rs/ELTEC/srp/NIF2/SRP18520.txt#offset_99204_99216","http://llod.jerteh.rs/ELTEC/srp/NIF2/SRP18520.txt#offset_99219_99224"
"http://llod.jerteh.rs/ELTEC/srp/NIF2/SRP18520.txt#offset_99234_99236","јесам","99234","99236","http://llod.jerteh.rs/ELTEC/srp/NIF2/SRP18520.txt#offset_99230_99233","http://llod.jerteh.rs/ELTEC/srp/NIF2/SRP18520.txt#offset_99237_99242"
"http://llod.jerteh.rs/ELTEC/srp/NIF2/SRP18520.txt#offset_99237_99242","доћи","99237","99242","http://llod.jerteh.rs/ELTEC/srp/NIF2/SRP18520.txt#offset_99234_99236","http://llod.jerteh.rs/ELTEC/srp/NIF2/SRP18520.txt#offset_99243_99248"
"http://llod.jerteh.rs/ELTEC/srp/NIF2/SRP18520.txt#offset_99243_99248","утеха","99243","99248","http://llod.jerteh.rs/ELTEC/srp/NIF2/SRP18520.txt#offset_99237_99242","http://llod.jerteh.rs/ELTEC/srp/NIF2/SRP18520.txt#offset_99249_99256"
"http://llod.jerteh.rs/ELTEC/srp/NIF2/SRP18520.txt#offset_99249_99256","његов","99249","99256","http://llod.jerteh.rs/ELTEC/srp/NIF2/SRP18520.txt#offset_99243_99248","http://llod.jerteh.rs/ELTEC/srp/NIF2/SRP18520.txt#offset_99257_99263"
"http://llod.jerteh.rs/ELTEC/srp/NIF2/SRP18520.txt#offset_99257_99263","болан","99257","99263","http://llod.jerteh.rs/ELTEC/srp/NIF2/SRP18520.txt#offset_99249_99256","http://llod.jerteh.rs/ELTEC/srp/NIF2/SRP18520.txt#offset_99264_99268"
"http://llod.jerteh.rs/ELTEC/srp/NIF2/SRP18520.txt#offset_99278_99282","он","99278","99282","http://llod.jerteh.rs/ELTEC/srp/NIF2/SRP18520.txt#offset_99274_99277","http://llod.jerteh.rs/ELTEC/srp/NIF2/SRP18520.txt#offset_99283_99285"
"http://llod.jerteh.rs/ELTEC/srp/NIF2/SRP18520.txt#offset_99283_99285","тај","99283","99285","http://llod.jerteh.rs/ELTEC/srp/NIF2/SRP18520.txt#offset_99278_99282","http://llod.jerteh.rs/ELTEC/srp/NIF2/SRP18520.txt#offset_99286_99291"
"http://llod.jerteh.rs/ELTEC/srp/NIF2/SRP18520.txt#offset_99286_99291","ведар","99286","99291","http://llod.jerteh.rs/ELTEC/srp/NIF2/SRP18520.txt#offset_99283_99285","http://llod.jerteh.rs/ELTEC/srp/NIF2/SRP18520.txt#offset_99292_99296"
"http://llod.jerteh.rs/ELTEC/srp/NIF2/SRP18520.txt#offset_99292_99296","лице","99292","99296","http://llod.jerteh.rs/ELTEC/srp/NIF2/SRP18520.txt#offset_99286_99291","http://llod.jerteh.rs/ELTEC/srp/NIF2/SRP18520.txt#offset_99296_99297"
"http://llod.jerteh.rs/ELTEC/srp/NIF2/SRP18520.txt#offset_99298_99300","од","99298","99300","http://llod.jerteh.rs/ELTEC/srp/NIF2/SRP18520.txt#offset_99296_99297","http://llod.jerteh.rs/ELTEC/srp/NIF2/SRP18520.txt#offset_99301_99304"
"http://llod.jerteh.rs/ELTEC/srp/NIF2/SRP18520.txt#offset_99301_99304","куд","99301","99304","http://llod.jerteh.rs/ELTEC/srp/NIF2/SRP18520.txt#offset_99298_99300","http://llod.jerteh.rs/ELTEC/srp/NIF2/SRP18520.txt#offset_99305_99306"
"http://llod.jerteh.rs/ELTEC/srp/NIF2/SRP18520.txt#offset_99305_99306","у","99305","99306","http://llod.jerteh.rs/ELTEC/srp/NIF2/SRP18520.txt#offset_99301_99304","http://llod.jerteh.rs/ELTEC/srp/NIF2/SRP18520.txt#offset_99307_99314"
"http://llod.jerteh.rs/ELTEC/srp/NIF2/SRP18520.txt#offset_99307_99314","његов","99307","99314","http://llod.jerteh.rs/ELTEC/srp/NIF2/SRP18520.txt#offset_99305_99306","http://llod.jerteh.rs/ELTEC/srp/NIF2/SRP18520.txt#offset_99315_99323"
"http://llod.jerteh.rs/ELTEC/srp/NIF2/SRP18520.txt#offset_99315_99323","ватрен","99315","99323","http://llod.jerteh.rs/ELTEC/srp/NIF2/SRP18520.txt#offset_99307_99314","http://llod.jerteh.rs/ELTEC/srp/NIF2/SRP18520.txt#offset_99324_99329"
"http://llod.jerteh.rs/ELTEC/srp/NIF2/SRP18520.txt#offset_99324_99329","очи","99324","99329","http://llod.jerteh.rs/ELTEC/srp/NIF2/SRP18520.txt#offset_99315_99323","http://llod.jerteh.rs/ELTEC/srp/NIF2/SRP18520.txt#offset_99330_99332"
"http://llod.jerteh.rs/ELTEC/srp/NIF2/SRP18520.txt#offset_9933_9934","и","9933","9934","http://llod.jerteh.rs/ELTEC/srp/NIF2/SRP18520.txt#offset_9931_9932","http://llod.jerteh.rs/ELTEC/srp/NIF2/SRP18520.txt#offset_9935_9941"
"http://llod.jerteh.rs/ELTEC/srp/NIF2/SRP18520.txt#offset_99330_99332","тај","99330","99332","http://llod.jerteh.rs/ELTEC/srp/NIF2/SRP18520.txt#offset_99324_99329","http://llod.jerteh.rs/ELTEC/srp/NIF2/SRP18520.txt#offset_99333_99344"
"http://llod.jerteh.rs/ELTEC/srp/NIF2/SRP18520.txt#offset_99333_99344","задовољство","99333","99344","http://llod.jerteh.rs/ELTEC/srp/NIF2/SRP18520.txt#offset_99330_99332","http://llod.jerteh.rs/ELTEC/srp/NIF2/SRP18520.txt#offset_99344_99345"
"http://llod.jerteh.rs/ELTEC/srp/NIF2/SRP18520.txt#offset_9935_9941","образ","9935","9941","http://llod.jerteh.rs/ELTEC/srp/NIF2/SRP18520.txt#offset_9933_9934","http://llod.jerteh.rs/ELTEC/srp/NIF2/SRP18520.txt#offset_9942_9944"
"http://llod.jerteh.rs/ELTEC/srp/NIF2/SRP18520.txt#offset_99346_99348","од","99346","99348","http://llod.jerteh.rs/ELTEC/srp/NIF2/SRP18520.txt#offset_99344_99345","http://llod.jerteh.rs/ELTEC/srp/NIF2/SRP18520.txt#offset_99349_99352"
"http://llod.jerteh.rs/ELTEC/srp/NIF2/SRP18520.txt#offset_99349_99352","куд","99349","99352","http://llod.jerteh.rs/ELTEC/srp/NIF2/SRP18520.txt#offset_99346_99348","http://llod.jerteh.rs/ELTEC/srp/NIF2/SRP18520.txt#offset_99353_99358"
"http://llod.jerteh.rs/ELTEC/srp/NIF2/SRP18520.txt#offset_99353_99358","осмех","99353","99358","http://llod.jerteh.rs/ELTEC/srp/NIF2/SRP18520.txt#offset_99349_99352","http://llod.jerteh.rs/ELTEC/srp/NIF2/SRP18520.txt#offset_99359_99361"
"http://llod.jerteh.rs/ELTEC/srp/NIF2/SRP18520.txt#offset_99359_99361","на","99359","99361","http://llod.jerteh.rs/ELTEC/srp/NIF2/SRP18520.txt#offset_99353_99358","http://llod.jerteh.rs/ELTEC/srp/NIF2/SRP18520.txt#offset_99362_99369"
"http://llod.jerteh.rs/ELTEC/srp/NIF2/SRP18520.txt#offset_99362_99369","његов","99362","99369","http://llod.jerteh.rs/ELTEC/srp/NIF2/SRP18520.txt#offset_99359_99361","http://llod.jerteh.rs/ELTEC/srp/NIF2/SRP18520.txt#offset_99370_99376"
"http://llod.jerteh.rs/ELTEC/srp/NIF2/SRP18520.txt#offset_9942_9944","он","9942","9944","http://llod.jerteh.rs/ELTEC/srp/NIF2/SRP18520.txt#offset_9935_9941","http://llod.jerteh.rs/ELTEC/srp/NIF2/SRP18520.txt#offset_9945_9947"
"http://llod.jerteh.rs/ELTEC/srp/NIF2/SRP18520.txt#offset_99386_99388","тај","99386","99388","http://llod.jerteh.rs/ELTEC/srp/NIF2/SRP18520.txt#offset_99383_99385","http://llod.jerteh.rs/ELTEC/srp/NIF2/SRP18520.txt#offset_99389_99390"
"http://llod.jerteh.rs/ELTEC/srp/NIF2/SRP18520.txt#offset_99389_99390","с","99389","99390","http://llod.jerteh.rs/ELTEC/srp/NIF2/SRP18520.txt#offset_99386_99388","http://llod.jerteh.rs/ELTEC/srp/NIF2/SRP18520.txt#offset_99391_99394"
"http://llod.jerteh.rs/ELTEC/srp/NIF2/SRP18520.txt#offset_99391_99394","он","99391","99394","http://llod.jerteh.rs/ELTEC/srp/NIF2/SRP18520.txt#offset_99389_99390","http://llod.jerteh.rs/ELTEC/srp/NIF2/SRP18520.txt#offset_99395_99403"
"http://llod.jerteh.rs/ELTEC/srp/NIF2/SRP18520.txt#offset_99395_99403","догодити","99395","99403","http://llod.jerteh.rs/ELTEC/srp/NIF2/SRP18520.txt#offset_99391_99394","http://llod.jerteh.rs/ELTEC/srp/NIF2/SRP18520.txt#offset_99403_99404"
"http://llod.jerteh.rs/ELTEC/srp/NIF2/SRP18520.txt#offset_99405_99407","да","99405","99407","http://llod.jerteh.rs/ELTEC/srp/NIF2/SRP18520.txt#offset_99403_99404","http://llod.jerteh.rs/ELTEC/srp/NIF2/SRP18520.txt#offset_99408_99410"
"http://llod.jerteh.rs/ELTEC/srp/NIF2/SRP18520.txt#offset_99408_99410","јесам","99408","99410","http://llod.jerteh.rs/ELTEC/srp/NIF2/SRP18520.txt#offset_99405_99407","http://llod.jerteh.rs/ELTEC/srp/NIF2/SRP18520.txt#offset_99411_99416"
"http://llod.jerteh.rs/ELTEC/srp/NIF2/SRP18520.txt#offset_99411_99416","бацити","99411","99416","http://llod.jerteh.rs/ELTEC/srp/NIF2/SRP18520.txt#offset_99408_99410","http://llod.jerteh.rs/ELTEC/srp/NIF2/SRP18520.txt#offset_99417_99419"
"http://llod.jerteh.rs/ELTEC/srp/NIF2/SRP18520.txt#offset_99417_99419","од","99417","99419","http://llod.jerteh.rs/ELTEC/srp/NIF2/SRP18520.txt#offset_99411_99416","http://llod.jerteh.rs/ELTEC/srp/NIF2/SRP18520.txt#offset_99420_99424"
"http://llod.jerteh.rs/ELTEC/srp/NIF2/SRP18520.txt#offset_99420_99424","себе","99420","99424","http://llod.jerteh.rs/ELTEC/srp/NIF2/SRP18520.txt#offset_99417_99419","http://llod.jerteh.rs/ELTEC/srp/NIF2/SRP18520.txt#offset_99425_99430"
"http://llod.jerteh.rs/ELTEC/srp/NIF2/SRP18520.txt#offset_99425_99430","свој","99425","99430","http://llod.jerteh.rs/ELTEC/srp/NIF2/SRP18520.txt#offset_99420_99424","http://llod.jerteh.rs/ELTEC/srp/NIF2/SRP18520.txt#offset_99431_99437"
"http://llod.jerteh.rs/ELTEC/srp/NIF2/SRP18520.txt#offset_99431_99437","обичан","99431","99437","http://llod.jerteh.rs/ELTEC/srp/NIF2/SRP18520.txt#offset_99425_99430","http://llod.jerteh.rs/ELTEC/srp/NIF2/SRP18520.txt#offset_99438_99447"
"http://llod.jerteh.rs/ELTEC/srp/NIF2/SRP18520.txt#offset_9945_9947","се","9945","9947","http://llod.jerteh.rs/ELTEC/srp/NIF2/SRP18520.txt#offset_9942_9944","http://llod.jerteh.rs/ELTEC/srp/NIF2/SRP18520.txt#offset_9948_9954"
"http://llod.jerteh.rs/ELTEC/srp/NIF2/SRP18520.txt#offset_9948_9954","поџећи","9948","9954","http://llod.jerteh.rs/ELTEC/srp/NIF2/SRP18520.txt#offset_9945_9947","http://llod.jerteh.rs/ELTEC/srp/NIF2/SRP18520.txt#offset_9955_9957"
"http://llod.jerteh.rs/ELTEC/srp/NIF2/SRP18520.txt#offset_99476_99480","срце","99476","99480","http://llod.jerteh.rs/ELTEC/srp/NIF2/SRP18520.txt#offset_99468_99475","http://llod.jerteh.rs/ELTEC/srp/NIF2/SRP18520.txt#offset_99481_99488"
"http://llod.jerteh.rs/ELTEC/srp/NIF2/SRP18520.txt#offset_99481_99488","беснети","99481","99488","http://llod.jerteh.rs/ELTEC/srp/NIF2/SRP18520.txt#offset_99476_99480","http://llod.jerteh.rs/ELTEC/srp/NIF2/SRP18520.txt#offset_99489_99494"
"http://llod.jerteh.rs/ELTEC/srp/NIF2/SRP18520.txt#offset_99489_99494","стар","99489","99494","http://llod.jerteh.rs/ELTEC/srp/NIF2/SRP18520.txt#offset_99481_99488","http://llod.jerteh.rs/ELTEC/srp/NIF2/SRP18520.txt#offset_99495_99501"
"http://llod.jerteh.rs/ELTEC/srp/NIF2/SRP18520.txt#offset_99495_99501","бол","99495","99501","http://llod.jerteh.rs/ELTEC/srp/NIF2/SRP18520.txt#offset_99489_99494","http://llod.jerteh.rs/ELTEC/srp/NIF2/SRP18520.txt#offset_99501_99502"
"http://llod.jerteh.rs/ELTEC/srp/NIF2/SRP18520.txt#offset_9955_9957","од","9955","9957","http://llod.jerteh.rs/ELTEC/srp/NIF2/SRP18520.txt#offset_9948_9954","http://llod.jerteh.rs/ELTEC/srp/NIF2/SRP18520.txt#offset_9958_9965"
"http://llod.jerteh.rs/ELTEC/srp/NIF2/SRP18520.txt#offset_99505_99508","али","99505","99508","http://llod.jerteh.rs/ELTEC/srp/NIF2/SRP18520.txt#offset_99503_99504","http://llod.jerteh.rs/ELTEC/srp/NIF2/SRP18520.txt#offset_99509_99511"
"http://llod.jerteh.rs/ELTEC/srp/NIF2/SRP18520.txt#offset_99509_99511","он","99509","99511","http://llod.jerteh.rs/ELTEC/srp/NIF2/SRP18520.txt#offset_99505_99508","http://llod.jerteh.rs/ELTEC/srp/NIF2/SRP18520.txt#offset_99512_99514"
"http://llod.jerteh.rs/ELTEC/srp/NIF2/SRP18520.txt#offset_99512_99514","јесам","99512","99514","http://llod.jerteh.rs/ELTEC/srp/NIF2/SRP18520.txt#offset_99509_99511","http://llod.jerteh.rs/ELTEC/srp/NIF2/SRP18520.txt#offset_99515_99519"
"http://llod.jerteh.rs/ELTEC/srp/NIF2/SRP18520.txt#offset_99515_99519","знати","99515","99519","http://llod.jerteh.rs/ELTEC/srp/NIF2/SRP18520.txt#offset_99512_99514","http://llod.jerteh.rs/ELTEC/srp/NIF2/SRP18520.txt#offset_99520_99529"
"http://llod.jerteh.rs/ELTEC/srp/NIF2/SRP18520.txt#offset_99520_99529","околност","99520","99529","http://llod.jerteh.rs/ELTEC/srp/NIF2/SRP18520.txt#offset_99515_99519","http://llod.jerteh.rs/ELTEC/srp/NIF2/SRP18520.txt#offset_99530_99531"
"http://llod.jerteh.rs/ELTEC/srp/NIF2/SRP18520.txt#offset_99530_99531","и","99530","99531","http://llod.jerteh.rs/ELTEC/srp/NIF2/SRP18520.txt#offset_99520_99529","http://llod.jerteh.rs/ELTEC/srp/NIF2/SRP18520.txt#offset_99532_99536"
"http://llod.jerteh.rs/ELTEC/srp/NIF2/SRP18520.txt#offset_99532_99536","људи","99532","99536","http://llod.jerteh.rs/ELTEC/srp/NIF2/SRP18520.txt#offset_99530_99531","http://llod.jerteh.rs/ELTEC/srp/NIF2/SRP18520.txt#offset_99537_99541"
"http://llod.jerteh.rs/ELTEC/srp/NIF2/SRP18520.txt#offset_99537_99541","међу","99537","99541","http://llod.jerteh.rs/ELTEC/srp/NIF2/SRP18520.txt#offset_99532_99536","http://llod.jerteh.rs/ELTEC/srp/NIF2/SRP18520.txt#offset_99542_99548"
"http://llod.jerteh.rs/ELTEC/srp/NIF2/SRP18520.txt#offset_99542_99548","који","99542","99548","http://llod.jerteh.rs/ELTEC/srp/NIF2/SRP18520.txt#offset_99537_99541","http://llod.jerteh.rs/ELTEC/srp/NIF2/SRP18520.txt#offset_99549_99551"
"http://llod.jerteh.rs/ELTEC/srp/NIF2/SRP18520.txt#offset_99549_99551","се","99549","99551","http://llod.jerteh.rs/ELTEC/srp/NIF2/SRP18520.txt#offset_99542_99548","http://llod.jerteh.rs/ELTEC/srp/NIF2/SRP18520.txt#offset_99552_99560"
"http://llod.jerteh.rs/ELTEC/srp/NIF2/SRP18520.txt#offset_99552_99560","налазити","99552","99560","http://llod.jerteh.rs/ELTEC/srp/NIF2/SRP18520.txt#offset_99549_99551","http://llod.jerteh.rs/ELTEC/srp/NIF2/SRP18520.txt#offset_99560_99561"
"http://llod.jerteh.rs/ELTEC/srp/NIF2/SRP18520.txt#offset_9958_9965","пламен","9958","9965","http://llod.jerteh.rs/ELTEC/srp/NIF2/SRP18520.txt#offset_9955_9957","http://llod.jerteh.rs/ELTEC/srp/NIF2/SRP18520.txt#offset_9966_9970"
"http://llod.jerteh.rs/ELTEC/srp/NIF2/SRP18520.txt#offset_99562_99564","па","99562","99564","http://llod.jerteh.rs/ELTEC/srp/NIF2/SRP18520.txt#offset_99560_99561","http://llod.jerteh.rs/ELTEC/srp/NIF2/SRP18520.txt#offset_99565_99567"
"http://llod.jerteh.rs/ELTEC/srp/NIF2/SRP18520.txt#offset_99565_99567","се","99565","99567","http://llod.jerteh.rs/ELTEC/srp/NIF2/SRP18520.txt#offset_99562_99564","http://llod.jerteh.rs/ELTEC/srp/NIF2/SRP18520.txt#offset_99568_99576"
"http://llod.jerteh.rs/ELTEC/srp/NIF2/SRP18520.txt#offset_99568_99576","усиљавати","99568","99576","http://llod.jerteh.rs/ELTEC/srp/NIF2/SRP18520.txt#offset_99565_99567","http://llod.jerteh.rs/ELTEC/srp/NIF2/SRP18520.txt#offset_99577_99578"
"http://llod.jerteh.rs/ELTEC/srp/NIF2/SRP18520.txt#offset_99577_99578","и","99577","99578","http://llod.jerteh.rs/ELTEC/srp/NIF2/SRP18520.txt#offset_99568_99576","http://llod.jerteh.rs/ELTEC/srp/NIF2/SRP18520.txt#offset_99579_99584"
"http://llod.jerteh.rs/ELTEC/srp/NIF2/SRP18520.txt#offset_99579_99584","чинити","99579","99584","http://llod.jerteh.rs/ELTEC/srp/NIF2/SRP18520.txt#offset_99577_99578","http://llod.jerteh.rs/ELTEC/srp/NIF2/SRP18520.txt#offset_99585_99587"
"http://llod.jerteh.rs/ELTEC/srp/NIF2/SRP18520.txt#offset_99585_99587","да","99585","99587","http://llod.jerteh.rs/ELTEC/srp/NIF2/SRP18520.txt#offset_99579_99584","http://llod.jerteh.rs/ELTEC/srp/NIF2/SRP18520.txt#offset_99588_99590"
"http://llod.jerteh.rs/ELTEC/srp/NIF2/SRP18520.txt#offset_99588_99590","јесам","99588","99590","http://llod.jerteh.rs/ELTEC/srp/NIF2/SRP18520.txt#offset_99585_99587","http://llod.jerteh.rs/ELTEC/srp/NIF2/SRP18520.txt#offset_99591_99592"
"http://llod.jerteh.rs/ELTEC/srp/NIF2/SRP18520.txt#offset_99591_99592","и","99591","99592","http://llod.jerteh.rs/ELTEC/srp/NIF2/SRP18520.txt#offset_99588_99590","http://llod.jerteh.rs/ELTEC/srp/NIF2/SRP18520.txt#offset_99593_99598"
"http://llod.jerteh.rs/ELTEC/srp/NIF2/SRP18520.txt#offset_9966_9970","који","9966","9970","http://llod.jerteh.rs/ELTEC/srp/NIF2/SRP18520.txt#offset_9958_9965","http://llod.jerteh.rs/ELTEC/srp/NIF2/SRP18520.txt#offset_9971_9973"
"http://llod.jerteh.rs/ELTEC/srp/NIF2/SRP18520.txt#offset_99593_99598","весео","99593","99598","http://llod.jerteh.rs/ELTEC/srp/NIF2/SRP18520.txt#offset_99591_99592","http://llod.jerteh.rs/ELTEC/srp/NIF2/SRP18520.txt#offset_99599_99600"
"http://llod.jerteh.rs/ELTEC/srp/NIF2/SRP18520.txt#offset_99599_99600","и","99599","99600","http://llod.jerteh.rs/ELTEC/srp/NIF2/SRP18520.txt#offset_99593_99598","http://llod.jerteh.rs/ELTEC/srp/NIF2/SRP18520.txt#offset_99601_99610"
"http://llod.jerteh.rs/ELTEC/srp/NIF2/SRP18520.txt#offset_99620_99622","бити","99620","99622","http://llod.jerteh.rs/ELTEC/srp/NIF2/SRP18520.txt#offset_99616_99619","http://llod.jerteh.rs/ELTEC/srp/NIF2/SRP18520.txt#offset_99623_99630"
"http://llod.jerteh.rs/ELTEC/srp/NIF2/SRP18520.txt#offset_99623_99630","мислити","99623","99630","http://llod.jerteh.rs/ELTEC/srp/NIF2/SRP18520.txt#offset_99620_99622","http://llod.jerteh.rs/ELTEC/srp/NIF2/SRP18520.txt#offset_99631_99639"
"http://llod.jerteh.rs/ELTEC/srp/NIF2/SRP18520.txt#offset_99631_99639","простак","99631","99639","http://llod.jerteh.rs/ELTEC/srp/NIF2/SRP18520.txt#offset_99623_99630","http://llod.jerteh.rs/ELTEC/srp/NIF2/SRP18520.txt#offset_99639_99640"
"http://llod.jerteh.rs/ELTEC/srp/NIF2/SRP18520.txt#offset_99641_99643","да","99641","99643","http://llod.jerteh.rs/ELTEC/srp/NIF2/SRP18520.txt#offset_99639_99640","http://llod.jerteh.rs/ELTEC/srp/NIF2/SRP18520.txt#offset_99644_99646"
"http://llod.jerteh.rs/ELTEC/srp/NIF2/SRP18520.txt#offset_99644_99646","се","99644","99646","http://llod.jerteh.rs/ELTEC/srp/NIF2/SRP18520.txt#offset_99641_99643","http://llod.jerteh.rs/ELTEC/srp/NIF2/SRP18520.txt#offset_99647_99649"
"http://llod.jerteh.rs/ELTEC/srp/NIF2/SRP18520.txt#offset_99647_99649","он","99647","99649","http://llod.jerteh.rs/ELTEC/srp/NIF2/SRP18520.txt#offset_99644_99646","http://llod.jerteh.rs/ELTEC/srp/NIF2/SRP18520.txt#offset_99650_99658"
"http://llod.jerteh.rs/ELTEC/srp/NIF2/SRP18520.txt#offset_99650_99658","жалостан","99650","99658","http://llod.jerteh.rs/ELTEC/srp/NIF2/SRP18520.txt#offset_99647_99649","http://llod.jerteh.rs/ELTEC/srp/NIF2/SRP18520.txt#offset_99659_99668"
"http://llod.jerteh.rs/ELTEC/srp/NIF2/SRP18520.txt#offset_99659_99668","показивати","99659","99668","http://llod.jerteh.rs/ELTEC/srp/NIF2/SRP18520.txt#offset_99650_99658","http://llod.jerteh.rs/ELTEC/srp/NIF2/SRP18520.txt#offset_99668_99669"
"http://llod.jerteh.rs/ELTEC/srp/NIF2/SRP18520.txt#offset_99670_99674","како","99670","99674","http://llod.jerteh.rs/ELTEC/srp/NIF2/SRP18520.txt#offset_99668_99669","http://llod.jerteh.rs/ELTEC/srp/NIF2/SRP18520.txt#offset_99675_99677"
"http://llod.jerteh.rs/ELTEC/srp/NIF2/SRP18520.txt#offset_9971_9973","он","9971","9973","http://llod.jerteh.rs/ELTEC/srp/NIF2/SRP18520.txt#offset_9966_9970","http://llod.jerteh.rs/ELTEC/srp/NIF2/SRP18520.txt#offset_9974_9976"
"http://llod.jerteh.rs/ELTEC/srp/NIF2/SRP18520.txt#offset_99675_99677","бити","99675","99677","http://llod.jerteh.rs/ELTEC/srp/NIF2/SRP18520.txt#offset_99670_99674","http://llod.jerteh.rs/ELTEC/srp/NIF2/SRP18520.txt#offset_99678_99683"
"http://llod.jerteh.rs/ELTEC/srp/NIF2/SRP18520.txt#offset_99678_99683","моћи","99678","99683","http://llod.jerteh.rs/ELTEC/srp/NIF2/SRP18520.txt#offset_99675_99677","http://llod.jerteh.rs/ELTEC/srp/NIF2/SRP18520.txt#offset_99684_99688"
"http://llod.jerteh.rs/ELTEC/srp/NIF2/SRP18520.txt#offset_99684_99688","бити","99684","99688","http://llod.jerteh.rs/ELTEC/srp/NIF2/SRP18520.txt#offset_99678_99683","http://llod.jerteh.rs/ELTEC/srp/NIF2/SRP18520.txt#offset_99689_99699"
"http://llod.jerteh.rs/ELTEC/srp/NIF2/SRP18520.txt#offset_99689_99699","одушевљен","99689","99699","http://llod.jerteh.rs/ELTEC/srp/NIF2/SRP18520.txt#offset_99684_99688","http://llod.jerteh.rs/ELTEC/srp/NIF2/SRP18520.txt#offset_99700_99704"
"http://llod.jerteh.rs/ELTEC/srp/NIF2/SRP18520.txt#offset_99700_99704","шака","99700","99704","http://llod.jerteh.rs/ELTEC/srp/NIF2/SRP18520.txt#offset_99689_99699","http://llod.jerteh.rs/ELTEC/srp/NIF2/SRP18520.txt#offset_99705_99709"
"http://llod.jerteh.rs/ELTEC/srp/NIF2/SRP18520.txt#offset_99705_99709","људи","99705","99709","http://llod.jerteh.rs/ELTEC/srp/NIF2/SRP18520.txt#offset_99700_99704","http://llod.jerteh.rs/ELTEC/srp/NIF2/SRP18520.txt#offset_99710_99714"
"http://llod.jerteh.rs/ELTEC/srp/NIF2/SRP18520.txt#offset_99710_99714","пред","99710","99714","http://llod.jerteh.rs/ELTEC/srp/NIF2/SRP18520.txt#offset_99705_99709","http://llod.jerteh.rs/ELTEC/srp/NIF2/SRP18520.txt#offset_99715_99720"
"http://llod.jerteh.rs/ELTEC/srp/NIF2/SRP18520.txt#offset_99715_99720","јак","99715","99720","http://llod.jerteh.rs/ELTEC/srp/NIF2/SRP18520.txt#offset_99710_99714","http://llod.jerteh.rs/ELTEC/srp/NIF2/SRP18520.txt#offset_99721_99733"
"http://llod.jerteh.rs/ELTEC/srp/NIF2/SRP18520.txt#offset_99721_99733","непријатељ","99721","99733","http://llod.jerteh.rs/ELTEC/srp/NIF2/SRP18520.txt#offset_99715_99720","http://llod.jerteh.rs/ELTEC/srp/NIF2/SRP18520.txt#offset_99733_99734"
"http://llod.jerteh.rs/ELTEC/srp/NIF2/SRP18520.txt#offset_9974_9976","јесам","9974","9976","http://llod.jerteh.rs/ELTEC/srp/NIF2/SRP18520.txt#offset_9971_9973","http://llod.jerteh.rs/ELTEC/srp/NIF2/SRP18520.txt#offset_9977_9978"
"http://llod.jerteh.rs/ELTEC/srp/NIF2/SRP18520.txt#offset_99735_99737","да","99735","99737","http://llod.jerteh.rs/ELTEC/srp/NIF2/SRP18520.txt#offset_99733_99734","http://llod.jerteh.rs/ELTEC/srp/NIF2/SRP18520.txt#offset_99738_99740"
"http://llod.jerteh.rs/ELTEC/srp/NIF2/SRP18520.txt#offset_99738_99740","јесам","99738","99740","http://llod.jerteh.rs/ELTEC/srp/NIF2/SRP18520.txt#offset_99735_99737","http://llod.jerteh.rs/ELTEC/srp/NIF2/SRP18520.txt#offset_99741_99747"
"http://llod.jerteh.rs/ELTEC/srp/NIF2/SRP18520.txt#offset_99741_99747","видети","99741","99747","http://llod.jerteh.rs/ELTEC/srp/NIF2/SRP18520.txt#offset_99738_99740","http://llod.jerteh.rs/ELTEC/srp/NIF2/SRP18520.txt#offset_99748_99754"
"http://llod.jerteh.rs/ELTEC/srp/NIF2/SRP18520.txt#offset_99748_99754","жалост","99748","99754","http://llod.jerteh.rs/ELTEC/srp/NIF2/SRP18520.txt#offset_99741_99747","http://llod.jerteh.rs/ELTEC/srp/NIF2/SRP18520.txt#offset_99755_99756"
"http://llod.jerteh.rs/ELTEC/srp/NIF2/SRP18520.txt#offset_99755_99756","и","99755","99756","http://llod.jerteh.rs/ELTEC/srp/NIF2/SRP18520.txt#offset_99748_99754","http://llod.jerteh.rs/ELTEC/srp/NIF2/SRP18520.txt#offset_99757_99761"
"http://llod.jerteh.rs/ELTEC/srp/NIF2/SRP18520.txt#offset_9977_9978","у","9977","9978","http://llod.jerteh.rs/ELTEC/srp/NIF2/SRP18520.txt#offset_9974_9976","http://llod.jerteh.rs/ELTEC/srp/NIF2/SRP18520.txt#offset_9979_9983"
"http://llod.jerteh.rs/ELTEC/srp/NIF2/SRP18520.txt#offset_99757_99761","туг","99757","99761","http://llod.jerteh.rs/ELTEC/srp/NIF2/SRP18520.txt#offset_99755_99756","http://llod.jerteh.rs/ELTEC/srp/NIF2/SRP18520.txt#offset_99762_99764"
"http://llod.jerteh.rs/ELTEC/srp/NIF2/SRP18520.txt#offset_99762_99764","на","99762","99764","http://llod.jerteh.rs/ELTEC/srp/NIF2/SRP18520.txt#offset_99757_99761","http://llod.jerteh.rs/ELTEC/srp/NIF2/SRP18520.txt#offset_99765_99769"
"http://llod.jerteh.rs/ELTEC/srp/NIF2/SRP18520.txt#offset_99765_99769","онај","99765","99769","http://llod.jerteh.rs/ELTEC/srp/NIF2/SRP18520.txt#offset_99762_99764","http://llod.jerteh.rs/ELTEC/srp/NIF2/SRP18520.txt#offset_99770_99774"
"http://llod.jerteh.rs/ELTEC/srp/NIF2/SRP18520.txt#offset_99770_99774","који","99770","99774","http://llod.jerteh.rs/ELTEC/srp/NIF2/SRP18520.txt#offset_99765_99769","http://llod.jerteh.rs/ELTEC/srp/NIF2/SRP18520.txt#offset_99775_99777"
"http://llod.jerteh.rs/ELTEC/srp/NIF2/SRP18520.txt#offset_99775_99777","она","99775","99777","http://llod.jerteh.rs/ELTEC/srp/NIF2/SRP18520.txt#offset_99770_99774","http://llod.jerteh.rs/ELTEC/srp/NIF2/SRP18520.txt#offset_99778_99780"
"http://llod.jerteh.rs/ELTEC/srp/NIF2/SRP18520.txt#offset_99778_99780","јесам","99778","99780","http://llod.jerteh.rs/ELTEC/srp/NIF2/SRP18520.txt#offset_99775_99777","http://llod.jerteh.rs/ELTEC/srp/NIF2/SRP18520.txt#offset_99781_99786"
"http://llod.jerteh.rs/ELTEC/srp/NIF2/SRP18520.txt#offset_99781_99786","повести","99781","99786","http://llod.jerteh.rs/ELTEC/srp/NIF2/SRP18520.txt#offset_99778_99780","http://llod.jerteh.rs/ELTEC/srp/NIF2/SRP18520.txt#offset_99787_99789"
"http://llod.jerteh.rs/ELTEC/srp/NIF2/SRP18520.txt#offset_9979_9983","срце","9979","9983","http://llod.jerteh.rs/ELTEC/srp/NIF2/SRP18520.txt#offset_9977_9978","http://llod.jerteh.rs/ELTEC/srp/NIF2/SRP18520.txt#offset_9984_9990"
"http://llod.jerteh.rs/ELTEC/srp/NIF2/SRP18520.txt#offset_99787_99789","за","99787","99789","http://llod.jerteh.rs/ELTEC/srp/NIF2/SRP18520.txt#offset_99781_99786","http://llod.jerteh.rs/ELTEC/srp/NIF2/SRP18520.txt#offset_99790_99795"
"http://llod.jerteh.rs/ELTEC/srp/NIF2/SRP18520.txt#offset_99798_99805","Младена","99798","99805",,"http://llod.jerteh.rs/ELTEC/srp/NIF2/SRP18520.txt#offset_99806_99808"
"http://llod.jerteh.rs/ELTEC/srp/NIF2/SRP18520.txt#offset_99806_99808","јесам","99806","99808","http://llod.jerteh.rs/ELTEC/srp/NIF2/SRP18520.txt#offset_99798_99805","http://llod.jerteh.rs/ELTEC/srp/NIF2/SRP18520.txt#offset_99809_99814"
"http://llod.jerteh.rs/ELTEC/srp/NIF2/SRP18520.txt#offset_9984_9990","букнути","9984","9990","http://llod.jerteh.rs/ELTEC/srp/NIF2/SRP18520.txt#offset_9979_9983","http://llod.jerteh.rs/ELTEC/srp/NIF2/SRP18520.txt#offset_9991_9992"
"http://llod.jerteh.rs/ELTEC/srp/NIF2/SRP18520.txt#offset_99809_99814","тешко","99809","99814","http://llod.jerteh.rs/ELTEC/srp/NIF2/SRP18520.txt#offset_99806_99808","http://llod.jerteh.rs/ELTEC/srp/NIF2/SRP18520.txt#offset_99815_99819"
"http://llod.jerteh.rs/ELTEC/srp/NIF2/SRP18520.txt#offset_99815_99819","бити","99815","99819","http://llod.jerteh.rs/ELTEC/srp/NIF2/SRP18520.txt#offset_99809_99814","http://llod.jerteh.rs/ELTEC/srp/NIF2/SRP18520.txt#offset_99820_99827"
"http://llod.jerteh.rs/ELTEC/srp/NIF2/SRP18520.txt#offset_99820_99827","учинити","99820","99827","http://llod.jerteh.rs/ELTEC/srp/NIF2/SRP18520.txt#offset_99815_99819","http://llod.jerteh.rs/ELTEC/srp/NIF2/SRP18520.txt#offset_99828_99830"
"http://llod.jerteh.rs/ELTEC/srp/NIF2/SRP18520.txt#offset_99828_99830","се","99828","99830","http://llod.jerteh.rs/ELTEC/srp/NIF2/SRP18520.txt#offset_99820_99827","http://llod.jerteh.rs/ELTEC/srp/NIF2/SRP18520.txt#offset_99831_99838"
"http://llod.jerteh.rs/ELTEC/srp/NIF2/SRP18520.txt#offset_99831_99838","веселити","99831","99838","http://llod.jerteh.rs/ELTEC/srp/NIF2/SRP18520.txt#offset_99828_99830","http://llod.jerteh.rs/ELTEC/srp/NIF2/SRP18520.txt#offset_99838_99839"
"http://llod.jerteh.rs/ELTEC/srp/NIF2/SRP18520.txt#offset_99840_99843","али","99840","99843","http://llod.jerteh.rs/ELTEC/srp/NIF2/SRP18520.txt#offset_99838_99839","http://llod.jerteh.rs/ELTEC/srp/NIF2/SRP18520.txt#offset_99844_99846"
"http://llod.jerteh.rs/ELTEC/srp/NIF2/SRP18520.txt#offset_99844_99846","он","99844","99846","http://llod.jerteh.rs/ELTEC/srp/NIF2/SRP18520.txt#offset_99840_99843","http://llod.jerteh.rs/ELTEC/srp/NIF2/SRP18520.txt#offset_99847_99849"
"http://llod.jerteh.rs/ELTEC/srp/NIF2/SRP18520.txt#offset_99847_99849","јесам","99847","99849","http://llod.jerteh.rs/ELTEC/srp/NIF2/SRP18520.txt#offset_99844_99846","http://llod.jerteh.rs/ELTEC/srp/NIF2/SRP18520.txt#offset_99850_99854"
"http://llod.jerteh.rs/ELTEC/srp/NIF2/SRP18520.txt#offset_99850_99854","знати","99850","99854","http://llod.jerteh.rs/ELTEC/srp/NIF2/SRP18520.txt#offset_99847_99849","http://llod.jerteh.rs/ELTEC/srp/NIF2/SRP18520.txt#offset_99855_99857"
"http://llod.jerteh.rs/ELTEC/srp/NIF2/SRP18520.txt#offset_9991_9992","у","9991","9992","http://llod.jerteh.rs/ELTEC/srp/NIF2/SRP18520.txt#offset_9984_9990","http://llod.jerteh.rs/ELTEC/srp/NIF2/SRP18520.txt#offset_9993_9996"
"http://llod.jerteh.rs/ELTEC/srp/NIF2/SRP18520.txt#offset_99855_99857","да","99855","99857","http://llod.jerteh.rs/ELTEC/srp/NIF2/SRP18520.txt#offset_99850_99854","http://llod.jerteh.rs/ELTEC/srp/NIF2/SRP18520.txt#offset_99858_99860"
"http://llod.jerteh.rs/ELTEC/srp/NIF2/SRP18520.txt#offset_99858_99860","тај","99858","99860","http://llod.jerteh.rs/ELTEC/srp/NIF2/SRP18520.txt#offset_99855_99857","http://llod.jerteh.rs/ELTEC/srp/NIF2/SRP18520.txt#offset_99861_99865"
"http://llod.jerteh.rs/ELTEC/srp/NIF2/SRP18520.txt#offset_99861_99865","тако","99861","99865","http://llod.jerteh.rs/ELTEC/srp/NIF2/SRP18520.txt#offset_99858_99860","http://llod.jerteh.rs/ELTEC/srp/NIF2/SRP18520.txt#offset_99866_99870"
"http://llod.jerteh.rs/ELTEC/srp/NIF2/SRP18520.txt#offset_99866_99870","морати","99866","99870","http://llod.jerteh.rs/ELTEC/srp/NIF2/SRP18520.txt#offset_99861_99865","http://llod.jerteh.rs/ELTEC/srp/NIF2/SRP18520.txt#offset_99871_99875"
"http://llod.jerteh.rs/ELTEC/srp/NIF2/SRP18520.txt#offset_99884_99890","здраво","99884","99890","http://llod.jerteh.rs/ELTEC/srp/NIF2/SRP18520.txt#offset_99881_99883","http://llod.jerteh.rs/ELTEC/srp/NIF2/SRP18520.txt#offset_99891_99899"
"http://llod.jerteh.rs/ELTEC/srp/NIF2/SRP18520.txt#offset_99891_99899","усиљавати","99891","99899","http://llod.jerteh.rs/ELTEC/srp/NIF2/SRP18520.txt#offset_99884_99890","http://llod.jerteh.rs/ELTEC/srp/NIF2/SRP18520.txt#offset_99900_99903"
"http://llod.jerteh.rs/ELTEC/srp/NIF2/SRP18520.txt#offset_99900_99903","тај","99900","99903","http://llod.jerteh.rs/ELTEC/srp/NIF2/SRP18520.txt#offset_99891_99899","http://llod.jerteh.rs/ELTEC/srp/NIF2/SRP18520.txt#offset_99904_99907"
"http://llod.jerteh.rs/ELTEC/srp/NIF2/SRP18520.txt#offset_99904_99907","што","99904","99907","http://llod.jerteh.rs/ELTEC/srp/NIF2/SRP18520.txt#offset_99900_99903","http://llod.jerteh.rs/ELTEC/srp/NIF2/SRP18520.txt#offset_99908_99910"
"http://llod.jerteh.rs/ELTEC/srp/NIF2/SRP18520.txt#offset_99908_99910","јесам","99908","99910","http://llod.jerteh.rs/ELTEC/srp/NIF2/SRP18520.txt#offset_99904_99907","http://llod.jerteh.rs/ELTEC/srp/NIF2/SRP18520.txt#offset_99911_99916"
"http://llod.jerteh.rs/ELTEC/srp/NIF2/SRP18520.txt#offset_99911_99916","морати","99911","99916","http://llod.jerteh.rs/ELTEC/srp/NIF2/SRP18520.txt#offset_99908_99910","http://llod.jerteh.rs/ELTEC/srp/NIF2/SRP18520.txt#offset_99917_99919"
"http://llod.jerteh.rs/ELTEC/srp/NIF2/SRP18520.txt#offset_99917_99919","на","99917","99919","http://llod.jerteh.rs/ELTEC/srp/NIF2/SRP18520.txt#offset_99911_99916","http://llod.jerteh.rs/ELTEC/srp/NIF2/SRP18520.txt#offset_99920_99924"
"http://llod.jerteh.rs/ELTEC/srp/NIF2/SRP18520.txt#offset_99920_99924","сав","99920","99924","http://llod.jerteh.rs/ELTEC/srp/NIF2/SRP18520.txt#offset_99917_99919","http://llod.jerteh.rs/ELTEC/srp/NIF2/SRP18520.txt#offset_99925_99929"
"http://llod.jerteh.rs/ELTEC/srp/NIF2/SRP18520.txt#offset_9993_9996","тај","9993","9996","http://llod.jerteh.rs/ELTEC/srp/NIF2/SRP18520.txt#offset_9991_9992","http://llod.jerteh.rs/ELTEC/srp/NIF2/SRP18520.txt#offset_9997_10000"
"http://llod.jerteh.rs/ELTEC/srp/NIF2/SRP18520.txt#offset_99925_99929","лице","99925","99929","http://llod.jerteh.rs/ELTEC/srp/NIF2/SRP18520.txt#offset_99920_99924","http://llod.jerteh.rs/ELTEC/srp/NIF2/SRP18520.txt#offset_99930_99936"
"http://llod.jerteh.rs/ELTEC/srp/NIF2/SRP18520.txt#offset_99930_99936","носити","99930","99936","http://llod.jerteh.rs/ELTEC/srp/NIF2/SRP18520.txt#offset_99925_99929","http://llod.jerteh.rs/ELTEC/srp/NIF2/SRP18520.txt#offset_99937_99946"
"http://llod.jerteh.rs/ELTEC/srp/NIF2/SRP18520.txt#offset_99937_99946","притворан","99937","99946","http://llod.jerteh.rs/ELTEC/srp/NIF2/SRP18520.txt#offset_99930_99936","http://llod.jerteh.rs/ELTEC/srp/NIF2/SRP18520.txt#offset_99947_99955"
"http://llod.jerteh.rs/ELTEC/srp/NIF2/SRP18520.txt#offset_99947_99955","изражај","99947","99955","http://llod.jerteh.rs/ELTEC/srp/NIF2/SRP18520.txt#offset_99937_99946","http://llod.jerteh.rs/ELTEC/srp/NIF2/SRP18520.txt#offset_99956_99962"
"http://llod.jerteh.rs/ELTEC/srp/NIF2/SRP18520.txt#offset_99956_99962","весеље","99956","99962","http://llod.jerteh.rs/ELTEC/srp/NIF2/SRP18520.txt#offset_99947_99955","http://llod.jerteh.rs/ELTEC/srp/NIF2/SRP18520.txt#offset_99963_99964"
"http://llod.jerteh.rs/ELTEC/srp/NIF2/SRP18520.txt#offset_99963_99964","и","99963","99964","http://llod.jerteh.rs/ELTEC/srp/NIF2/SRP18520.txt#offset_99956_99962","http://llod.jerteh.rs/ELTEC/srp/NIF2/SRP18520.txt#offset_99965_99975"
"http://llod.jerteh.rs/ELTEC/srp/NIF2/SRP18520.txt#offset_99965_99975","унутрашњи","99965","99975","http://llod.jerteh.rs/ELTEC/srp/NIF2/SRP18520.txt#offset_99963_99964","http://llod.jerteh.rs/ELTEC/srp/NIF2/SRP18520.txt#offset_99976_99987"
"http://llod.jerteh.rs/ELTEC/srp/NIF2/SRP18520.txt#offset_99976_99987","задовољство","99976","99987","http://llod.jerteh.rs/ELTEC/srp/NIF2/SRP18520.txt#offset_99965_99975","http://llod.jerteh.rs/ELTEC/srp/NIF2/SRP18520.txt#offset_99987_99988"
"http://llod.jerteh.rs/ELTEC/srp/NIF2/SRP18520.txt#offset_99989_99991","ал","99989","99991","http://llod.jerteh.rs/ELTEC/srp/NIF2/SRP18520.txt#offset_99987_99988","http://llod.jerteh.rs/ELTEC/srp/NIF2/SRP18520.txt#offset_99992_99993"
"http://llod.jerteh.rs/ELTEC/srp/NIF2/SRP18520.txt#offset_99994_99996","он","99994","99996","http://llod.jerteh.rs/ELTEC/srp/NIF2/SRP18520.txt#offset_99992_99993","http://llod.jerteh.rs/ELTEC/srp/NIF2/SRP18520.txt#offset_99997_99999"